,occur_year,area,crime_category,crime_detail,crime_count
0,2014,서울,재산범죄,절도,59541
1,2014,서울,재산범죄,장물,608
2,2014,서울,재산범죄,사기,57720
3,2014,서울,재산범죄,횡령,10173
4,2014,서울,재산범죄,배임,1632
5,2014,서울,재산범죄,손괴,11774
6,2014,서울,강력범죄(흉악),살인,160
7,2014,서울,강력범죄(흉악),강도,350
8,2014,서울,강력범죄(흉악),방화,309
9,2014,서울,강력범죄(흉악),성폭력,8681
10,2014,서울,강력범죄(폭력),폭행,39206
11,2014,서울,강력범죄(폭력),상해,10573
12,2014,서울,강력범죄(폭력),협박,1836
13,2014,서울,강력범죄(폭력),공갈,1504
14,2014,서울,강력범죄(폭력),약취와 유인,40
15,2014,서울,강력범죄(폭력),체포와 감금,237
16,2014,서울,강력범죄(폭력),폭력행위등(손괴강요주거침입등),317
17,2014,서울,강력범죄(폭력),폭력행위등(단체등의구성 활동),270
18,2014,서울,위조범죄,위조범죄,5828
19,2014,부산,재산범죄,절도,22047
20,2014,부산,재산범죄,장물,1057
21,2014,부산,재산범죄,사기,20325
22,2014,부산,재산범죄,횡령,2806
23,2014,부산,재산범죄,배임,511
24,2014,부산,재산범죄,손괴,3824
25,2014,부산,강력범죄(흉악),살인,71
26,2014,부산,강력범죄(흉악),강도,132
27,2014,부산,강력범죄(흉악),방화,107
28,2014,부산,강력범죄(흉악),성폭력,2341
29,2014,부산,강력범죄(폭력),폭행,8600
30,2014,부산,강력범죄(폭력),상해,6754
31,2014,부산,강력범죄(폭력),협박,753
32,2014,부산,강력범죄(폭력),공갈,1091
33,2014,부산,강력범죄(폭력),약취와 유인,11
34,2014,부산,강력범죄(폭력),체포와 감금,77
35,2014,부산,강력범죄(폭력),폭력행위등(손괴강요주거침입등),90
36,2014,부산,강력범죄(폭력),폭력행위등(단체등의구성 활동),101
37,2014,부산,위조범죄,위조범죄,1830
38,2014,대구,재산범죄,절도,14623
39,2014,대구,재산범죄,장물,249
40,2014,대구,재산범죄,사기,10869
41,2014,대구,재산범죄,횡령,1280
42,2014,대구,재산범죄,배임,202
43,2014,대구,재산범죄,손괴,3114
44,2014,대구,강력범죄(흉악),살인,34
45,2014,대구,강력범죄(흉악),강도,68
46,2014,대구,강력범죄(흉악),방화,81
47,2014,대구,강력범죄(흉악),성폭력,1570
48,2014,대구,강력범죄(폭력),폭행,5805
49,2014,대구,강력범죄(폭력),상해,3733
50,2014,대구,강력범죄(폭력),협박,397
51,2014,대구,강력범죄(폭력),공갈,538
52,2014,대구,강력범죄(폭력),약취와 유인,8
53,2014,대구,강력범죄(폭력),체포와 감금,52
54,2014,대구,강력범죄(폭력),폭력행위등(손괴강요주거침입등),113
55,2014,대구,강력범죄(폭력),폭력행위등(단체등의구성 활동),59
56,2014,대구,위조범죄,위조범죄,1046
57,2014,인천,재산범죄,절도,9728
58,2014,인천,재산범죄,장물,272
59,2014,인천,재산범죄,사기,13087
60,2014,인천,재산범죄,횡령,2338
61,2014,인천,재산범죄,배임,304
62,2014,인천,재산범죄,손괴,3266
63,2014,인천,강력범죄(흉악),살인,56
64,2014,인천,강력범죄(흉악),강도,115
65,2014,인천,강력범죄(흉악),방화,112
66,2014,인천,강력범죄(흉악),성폭력,1675
67,2014,인천,강력범죄(폭력),폭행,9282
68,2014,인천,강력범죄(폭력),상해,3149
69,2014,인천,강력범죄(폭력),협박,436
70,2014,인천,강력범죄(폭력),공갈,442
71,2014,인천,강력범죄(폭력),약취와 유인,12
72,2014,인천,강력범죄(폭력),체포와 감금,86
73,2014,인천,강력범죄(폭력),폭력행위등(손괴강요주거침입등),111
74,2014,인천,강력범죄(폭력),폭력행위등(단체등의구성 활동),66
75,2014,인천,위조범죄,위조범죄,1457
76,2014,광주,재산범죄,절도,10432
77,2014,광주,재산범죄,장물,225
78,2014,광주,재산범죄,사기,7918
79,2014,광주,재산범죄,횡령,1365
80,2014,광주,재산범죄,배임,239
81,2014,광주,재산범죄,손괴,2022
82,2014,광주,강력범죄(흉악),살인,21
83,2014,광주,강력범죄(흉악),강도,53
84,2014,광주,강력범죄(흉악),방화,43
85,2014,광주,강력범죄(흉악),성폭력,1048
86,2014,광주,강력범죄(폭력),폭행,6033
87,2014,광주,강력범죄(폭력),상해,1591
88,2014,광주,강력범죄(폭력),협박,260
89,2014,광주,강력범죄(폭력),공갈,231
90,2014,광주,강력범죄(폭력),약취와 유인,9
91,2014,광주,강력범죄(폭력),체포와 감금,37
92,2014,광주,강력범죄(폭력),폭력행위등(손괴강요주거침입등),88
93,2014,광주,강력범죄(폭력),폭력행위등(단체등의구성 활동),24
94,2014,광주,위조범죄,위조범죄,655
95,2014,대전,재산범죄,절도,11494
96,2014,대전,재산범죄,장물,67
97,2014,대전,재산범죄,사기,7201
98,2014,대전,재산범죄,횡령,1032
99,2014,대전,재산범죄,배임,114
100,2014,대전,재산범죄,손괴,1611
101,2014,대전,강력범죄(흉악),살인,30
102,2014,대전,강력범죄(흉악),강도,84
103,2014,대전,강력범죄(흉악),방화,41
104,2014,대전,강력범죄(흉악),성폭력,852
105,2014,대전,강력범죄(폭력),폭행,2731
106,2014,대전,강력범죄(폭력),상해,2098
107,2014,대전,강력범죄(폭력),협박,228
108,2014,대전,강력범죄(폭력),공갈,142
109,2014,대전,강력범죄(폭력),약취와 유인,5
110,2014,대전,강력범죄(폭력),체포와 감금,37
111,2014,대전,강력범죄(폭력),폭력행위등(손괴강요주거침입등),56
112,2014,대전,강력범죄(폭력),폭력행위등(단체등의구성 활동),35
113,2014,대전,위조범죄,위조범죄,621
114,2014,울산,재산범죄,절도,5796
115,2014,울산,재산범죄,장물,41
116,2014,울산,재산범죄,사기,5367
117,2014,울산,재산범죄,횡령,585
118,2014,울산,재산범죄,배임,137
119,2014,울산,재산범죄,손괴,1457
120,2014,울산,강력범죄(흉악),살인,23
121,2014,울산,강력범죄(흉악),강도,32
122,2014,울산,강력범죄(흉악),방화,34
123,2014,울산,강력범죄(흉악),성폭력,547
124,2014,울산,강력범죄(폭력),폭행,4001
125,2014,울산,강력범죄(폭력),상해,1748
126,2014,울산,강력범죄(폭력),협박,207
127,2014,울산,강력범죄(폭력),공갈,166
128,2014,울산,강력범죄(폭력),약취와 유인,5
129,2014,울산,강력범죄(폭력),체포와 감금,23
130,2014,울산,강력범죄(폭력),폭력행위등(손괴강요주거침입등),23
131,2014,울산,강력범죄(폭력),폭력행위등(단체등의구성 활동),33
132,2014,울산,위조범죄,위조범죄,326
133,2014,세종,재산범죄,절도,595
134,2014,세종,재산범죄,장물,5
135,2014,세종,재산범죄,사기,459
136,2014,세종,재산범죄,횡령,60
137,2014,세종,재산범죄,배임,16
138,2014,세종,재산범죄,손괴,70
139,2014,세종,강력범죄(흉악),살인,0
140,2014,세종,강력범죄(흉악),강도,1
141,2014,세종,강력범죄(흉악),방화,3
142,2014,세종,강력범죄(흉악),성폭력,88
143,2014,세종,강력범죄(폭력),폭행,89
144,2014,세종,강력범죄(폭력),상해,167
145,2014,세종,강력범죄(폭력),협박,21
146,2014,세종,강력범죄(폭력),공갈,7
147,2014,세종,강력범죄(폭력),약취와 유인,0
148,2014,세종,강력범죄(폭력),체포와 감금,5
149,2014,세종,강력범죄(폭력),폭력행위등(손괴강요주거침입등),5
150,2014,세종,강력범죄(폭력),폭력행위등(단체등의구성 활동),2
151,2014,세종,위조범죄,위조범죄,42
152,2014,경기,재산범죄,절도,55776
153,2014,경기,재산범죄,장물,571
154,2014,경기,재산범죄,사기,53703
155,2014,경기,재산범죄,횡령,10021
156,2014,경기,재산범죄,배임,1181
157,2014,경기,재산범죄,손괴,14204
158,2014,경기,강력범죄(흉악),살인,191
159,2014,경기,강력범죄(흉악),강도,328
160,2014,경기,강력범죄(흉악),방화,370
161,2014,경기,강력범죄(흉악),성폭력,6083
162,2014,경기,강력범죄(폭력),폭행,36987
163,2014,경기,강력범죄(폭력),상해,12178
164,2014,경기,강력범죄(폭력),협박,2106
165,2014,경기,강력범죄(폭력),공갈,1422
166,2014,경기,강력범죄(폭력),약취와 유인,50
167,2014,경기,강력범죄(폭력),체포와 감금,312
168,2014,경기,강력범죄(폭력),폭력행위등(손괴강요주거침입등),576
169,2014,경기,강력범죄(폭력),폭력행위등(단체등의구성 활동),218
170,2014,경기,위조범죄,위조범죄,4652
171,2014,강원,재산범죄,절도,6233
172,2014,강원,재산범죄,장물,15
173,2014,강원,재산범죄,사기,5948
174,2014,강원,재산범죄,횡령,886
175,2014,강원,재산범죄,배임,170
176,2014,강원,재산범죄,손괴,2121
177,2014,강원,강력범죄(흉악),살인,25
178,2014,강원,강력범죄(흉악),강도,57
179,2014,강원,강력범죄(흉악),방화,51
180,2014,강원,강력범죄(흉악),성폭력,707
181,2014,강원,강력범죄(폭력),폭행,3835
182,2014,강원,강력범죄(폭력),상해,3138
183,2014,강원,강력범죄(폭력),협박,333
184,2014,강원,강력범죄(폭력),공갈,108
185,2014,강원,강력범죄(폭력),약취와 유인,7
186,2014,강원,강력범죄(폭력),체포와 감금,42
187,2014,강원,강력범죄(폭력),폭력행위등(손괴강요주거침입등),102
188,2014,강원,강력범죄(폭력),폭력행위등(단체등의구성 활동),26
189,2014,강원,위조범죄,위조범죄,517
190,2014,충북,재산범죄,절도,8251
191,2014,충북,재산범죄,장물,48
192,2014,충북,재산범죄,사기,6090
193,2014,충북,재산범죄,횡령,756
194,2014,충북,재산범죄,배임,132
195,2014,충북,재산범죄,손괴,2035
196,2014,충북,강력범죄(흉악),살인,35
197,2014,충북,강력범죄(흉악),강도,55
198,2014,충북,강력범죄(흉악),방화,97
199,2014,충북,강력범죄(흉악),성폭력,652
200,2014,충북,강력범죄(폭력),폭행,3629
201,2014,충북,강력범죄(폭력),상해,2293
202,2014,충북,강력범죄(폭력),협박,273
203,2014,충북,강력범죄(폭력),공갈,130
204,2014,충북,강력범죄(폭력),약취와 유인,2
205,2014,충북,강력범죄(폭력),체포와 감금,40
206,2014,충북,강력범죄(폭력),폭력행위등(손괴강요주거침입등),73
207,2014,충북,강력범죄(폭력),폭력행위등(단체등의구성 활동),56
208,2014,충북,위조범죄,위조범죄,520
209,2014,충남,재산범죄,절도,11418
210,2014,충남,재산범죄,장물,34
211,2014,충남,재산범죄,사기,9862
212,2014,충남,재산범죄,횡령,1456
213,2014,충남,재산범죄,배임,215
214,2014,충남,재산범죄,손괴,2075
215,2014,충남,강력범죄(흉악),살인,66
216,2014,충남,강력범죄(흉악),강도,81
217,2014,충남,강력범죄(흉악),방화,93
218,2014,충남,강력범죄(흉악),성폭력,1162
219,2014,충남,강력범죄(폭력),폭행,3502
220,2014,충남,강력범죄(폭력),상해,3040
221,2014,충남,강력범죄(폭력),협박,370
222,2014,충남,강력범죄(폭력),공갈,261
223,2014,충남,강력범죄(폭력),약취와 유인,9
224,2014,충남,강력범죄(폭력),체포와 감금,58
225,2014,충남,강력범죄(폭력),폭력행위등(손괴강요주거침입등),119
226,2014,충남,강력범죄(폭력),폭력행위등(단체등의구성 활동),47
227,2014,충남,위조범죄,위조범죄,770
228,2014,전북,재산범죄,절도,8938
229,2014,전북,재산범죄,장물,125
230,2014,전북,재산범죄,사기,7484
231,2014,전북,재산범죄,횡령,887
232,2014,전북,재산범죄,배임,137
233,2014,전북,재산범죄,손괴,1548
234,2014,전북,강력범죄(흉악),살인,31
235,2014,전북,강력범죄(흉악),강도,64
236,2014,전북,강력범죄(흉악),방화,55
237,2014,전북,강력범죄(흉악),성폭력,888
238,2014,전북,강력범죄(폭력),폭행,4738
239,2014,전북,강력범죄(폭력),상해,1964
240,2014,전북,강력범죄(폭력),협박,311
241,2014,전북,강력범죄(폭력),공갈,247
242,2014,전북,강력범죄(폭력),약취와 유인,11
243,2014,전북,강력범죄(폭력),체포와 감금,53
244,2014,전북,강력범죄(폭력),폭력행위등(손괴강요주거침입등),64
245,2014,전북,강력범죄(폭력),폭력행위등(단체등의구성 활동),53
246,2014,전북,위조범죄,위조범죄,605
247,2014,전남,재산범죄,절도,7891
248,2014,전남,재산범죄,장물,31
249,2014,전남,재산범죄,사기,8042
250,2014,전남,재산범죄,횡령,1043
251,2014,전남,재산범죄,배임,185
252,2014,전남,재산범죄,손괴,1733
253,2014,전남,강력범죄(흉악),살인,48
254,2014,전남,강력범죄(흉악),강도,39
255,2014,전남,강력범죄(흉악),방화,74
256,2014,전남,강력범죄(흉악),성폭력,776
257,2014,전남,강력범죄(폭력),폭행,4915
258,2014,전남,강력범죄(폭력),상해,2666
259,2014,전남,강력범죄(폭력),협박,424
260,2014,전남,강력범죄(폭력),공갈,157
261,2014,전남,강력범죄(폭력),약취와 유인,21
262,2014,전남,강력범죄(폭력),체포와 감금,59
263,2014,전남,강력범죄(폭력),폭력행위등(손괴강요주거침입등),130
264,2014,전남,강력범죄(폭력),폭력행위등(단체등의구성 활동),59
265,2014,전남,위조범죄,위조범죄,598
266,2014,경북,재산범죄,절도,11790
267,2014,경북,재산범죄,장물,110
268,2014,경북,재산범죄,사기,11353
269,2014,경북,재산범죄,횡령,1298
270,2014,경북,재산범죄,배임,190
271,2014,경북,재산범죄,손괴,2770
272,2014,경북,강력범죄(흉악),살인,56
273,2014,경북,강력범죄(흉악),강도,55
274,2014,경북,강력범죄(흉악),방화,88
275,2014,경북,강력범죄(흉악),성폭력,1063
276,2014,경북,강력범죄(폭력),폭행,4358
277,2014,경북,강력범죄(폭력),상해,4296
278,2014,경북,강력범죄(폭력),협박,441
279,2014,경북,강력범죄(폭력),공갈,253
280,2014,경북,강력범죄(폭력),약취와 유인,8
281,2014,경북,강력범죄(폭력),체포와 감금,61
282,2014,경북,강력범죄(폭력),폭력행위등(손괴강요주거침입등),131
283,2014,경북,강력범죄(폭력),폭력행위등(단체등의구성 활동),66
284,2014,경북,위조범죄,위조범죄,675
285,2014,경남,재산범죄,절도,17250
286,2014,경남,재산범죄,장물,192
287,2014,경남,재산범죄,사기,15432
288,2014,경남,재산범죄,횡령,2258
289,2014,경남,재산범죄,배임,346
290,2014,경남,재산범죄,손괴,3304
291,2014,경남,강력범죄(흉악),살인,73
292,2014,경남,강력범죄(흉악),강도,79
293,2014,경남,강력범죄(흉악),방화,108
294,2014,경남,강력범죄(흉악),성폭력,1364
295,2014,경남,강력범죄(폭력),폭행,6549
296,2014,경남,강력범죄(폭력),상해,5354
297,2014,경남,강력범죄(폭력),협박,563
298,2014,경남,강력범죄(폭력),공갈,355
299,2014,경남,강력범죄(폭력),약취와 유인,6
300,2014,경남,강력범죄(폭력),체포와 감금,72
301,2014,경남,강력범죄(폭력),폭력행위등(손괴강요주거침입등),103
302,2014,경남,강력범죄(폭력),폭력행위등(단체등의구성 활동),60
303,2014,경남,위조범죄,위조범죄,1274
304,2014,제주,재산범죄,절도,4981
305,2014,제주,재산범죄,장물,18
306,2014,제주,재산범죄,사기,3148
307,2014,제주,재산범죄,횡령,402
308,2014,제주,재산범죄,배임,108
309,2014,제주,재산범죄,손괴,1266
310,2014,제주,강력범죄(흉악),살인,18
311,2014,제주,강력범죄(흉악),강도,25
312,2014,제주,강력범죄(흉악),방화,41
313,2014,제주,강력범죄(흉악),성폭력,366
314,2014,제주,강력범죄(폭력),폭행,2365
315,2014,제주,강력범죄(폭력),상해,1098
316,2014,제주,강력범죄(폭력),협박,246
317,2014,제주,강력범죄(폭력),공갈,108
318,2014,제주,강력범죄(폭력),약취와 유인,2
319,2014,제주,강력범죄(폭력),체포와 감금,14
320,2014,제주,강력범죄(폭력),폭력행위등(손괴강요주거침입등),39
321,2014,제주,강력범죄(폭력),폭력행위등(단체등의구성 활동),37
322,2014,제주,위조범죄,위조범죄,246
323,2015,서울,재산범죄,절도,55463
324,2015,서울,재산범죄,장물,542
325,2015,서울,재산범죄,사기,56467
326,2015,서울,재산범죄,횡령,13869
327,2015,서울,재산범죄,배임,1589
328,2015,서울,재산범죄,손괴,11773
329,2015,서울,강력범죄(흉악),살인,166
330,2015,서울,강력범죄(흉악),강도,279
331,2015,서울,강력범죄(흉악),방화,311
332,2015,서울,강력범죄(흉악),성폭력,9665
333,2015,서울,강력범죄(폭력),폭행,39821
334,2015,서울,강력범죄(폭력),상해,9436
335,2015,서울,강력범죄(폭력),협박,2669
336,2015,서울,강력범죄(폭력),공갈,937
337,2015,서울,강력범죄(폭력),약취와 유인,45
338,2015,서울,강력범죄(폭력),체포와 감금,240
339,2015,서울,강력범죄(폭력),폭력행위등(손괴강요주거침입등),501
340,2015,서울,강력범죄(폭력),폭력행위등(단체등의구성 활동),221
341,2015,서울,위조범죄,위조범죄,5115
342,2015,부산,재산범죄,절도,20215
343,2015,부산,재산범죄,장물,931
344,2015,부산,재산범죄,사기,21255
345,2015,부산,재산범죄,횡령,3143
346,2015,부산,재산범죄,배임,466
347,2015,부산,재산범죄,손괴,3660
348,2015,부산,강력범죄(흉악),살인,63
349,2015,부산,강력범죄(흉악),강도,169
350,2015,부산,강력범죄(흉악),방화,115
351,2015,부산,강력범죄(흉악),성폭력,1902
352,2015,부산,강력범죄(폭력),폭행,9576
353,2015,부산,강력범죄(폭력),상해,5830
354,2015,부산,강력범죄(폭력),협박,937
355,2015,부산,강력범죄(폭력),공갈,799
356,2015,부산,강력범죄(폭력),약취와 유인,8
357,2015,부산,강력범죄(폭력),체포와 감금,103
358,2015,부산,강력범죄(폭력),폭력행위등(손괴강요주거침입등),140
359,2015,부산,강력범죄(폭력),폭력행위등(단체등의구성 활동),91
360,2015,부산,위조범죄,위조범죄,1807
361,2015,대구,재산범죄,절도,12790
362,2015,대구,재산범죄,장물,265
363,2015,대구,재산범죄,사기,12180
364,2015,대구,재산범죄,횡령,1874
365,2015,대구,재산범죄,배임,213
366,2015,대구,재산범죄,손괴,3026
367,2015,대구,강력범죄(흉악),살인,41
368,2015,대구,강력범죄(흉악),강도,61
369,2015,대구,강력범죄(흉악),방화,86
370,2015,대구,강력범죄(흉악),성폭력,1428
371,2015,대구,강력범죄(폭력),폭행,7088
372,2015,대구,강력범죄(폭력),상해,3410
373,2015,대구,강력범죄(폭력),협박,626
374,2015,대구,강력범죄(폭력),공갈,485
375,2015,대구,강력범죄(폭력),약취와 유인,7
376,2015,대구,강력범죄(폭력),체포와 감금,50
377,2015,대구,강력범죄(폭력),폭력행위등(손괴강요주거침입등),88
378,2015,대구,강력범죄(폭력),폭력행위등(단체등의구성 활동),54
379,2015,대구,위조범죄,위조범죄,1092
380,2015,인천,재산범죄,절도,10694
381,2015,인천,재산범죄,장물,174
382,2015,인천,재산범죄,사기,13752
383,2015,인천,재산범죄,횡령,2869
384,2015,인천,재산범죄,배임,239
385,2015,인천,재산범죄,손괴,3374
386,2015,인천,강력범죄(흉악),살인,56
387,2015,인천,강력범죄(흉악),강도,106
388,2015,인천,강력범죄(흉악),방화,90
389,2015,인천,강력범죄(흉악),성폭력,2020
390,2015,인천,강력범죄(폭력),폭행,10636
391,2015,인천,강력범죄(폭력),상해,2891
392,2015,인천,강력범죄(폭력),협박,670
393,2015,인천,강력범죄(폭력),공갈,314
394,2015,인천,강력범죄(폭력),약취와 유인,13
395,2015,인천,강력범죄(폭력),체포와 감금,102
396,2015,인천,강력범죄(폭력),폭력행위등(손괴강요주거침입등),125
397,2015,인천,강력범죄(폭력),폭력행위등(단체등의구성 활동),53
398,2015,인천,위조범죄,위조범죄,1205
399,2015,광주,재산범죄,절도,8455
400,2015,광주,재산범죄,장물,121
401,2015,광주,재산범죄,사기,8122
402,2015,광주,재산범죄,횡령,1491
403,2015,광주,재산범죄,배임,191
404,2015,광주,재산범죄,손괴,1797
405,2015,광주,강력범죄(흉악),살인,18
406,2015,광주,강력범죄(흉악),강도,45
407,2015,광주,강력범죄(흉악),방화,48
408,2015,광주,강력범죄(흉악),성폭력,1007
409,2015,광주,강력범죄(폭력),폭행,5706
410,2015,광주,강력범죄(폭력),상해,1535
411,2015,광주,강력범죄(폭력),협박,381
412,2015,광주,강력범죄(폭력),공갈,146
413,2015,광주,강력범죄(폭력),약취와 유인,5
414,2015,광주,강력범죄(폭력),체포와 감금,38
415,2015,광주,강력범죄(폭력),폭력행위등(손괴강요주거침입등),41
416,2015,광주,강력범죄(폭력),폭력행위등(단체등의구성 활동),20
417,2015,광주,위조범죄,위조범죄,687
418,2015,대전,재산범죄,절도,9565
419,2015,대전,재산범죄,장물,54
420,2015,대전,재산범죄,사기,7570
421,2015,대전,재산범죄,횡령,1258
422,2015,대전,재산범죄,배임,106
423,2015,대전,재산범죄,손괴,1818
424,2015,대전,강력범죄(흉악),살인,25
425,2015,대전,강력범죄(흉악),강도,65
426,2015,대전,강력범죄(흉악),방화,41
427,2015,대전,강력범죄(흉악),성폭력,887
428,2015,대전,강력범죄(폭력),폭행,4404
429,2015,대전,강력범죄(폭력),상해,2021
430,2015,대전,강력범죄(폭력),협박,422
431,2015,대전,강력범죄(폭력),공갈,141
432,2015,대전,강력범죄(폭력),약취와 유인,4
433,2015,대전,강력범죄(폭력),체포와 감금,47
434,2015,대전,강력범죄(폭력),폭력행위등(손괴강요주거침입등),55
435,2015,대전,강력범죄(폭력),폭력행위등(단체등의구성 활동),26
436,2015,대전,위조범죄,위조범죄,631
437,2015,울산,재산범죄,절도,3485
438,2015,울산,재산범죄,장물,22
439,2015,울산,재산범죄,사기,3480
440,2015,울산,재산범죄,횡령,483
441,2015,울산,재산범죄,배임,111
442,2015,울산,재산범죄,손괴,975
443,2015,울산,강력범죄(흉악),살인,20
444,2015,울산,강력범죄(흉악),강도,9
445,2015,울산,강력범죄(흉악),방화,26
446,2015,울산,강력범죄(흉악),성폭력,316
447,2015,울산,강력범죄(폭력),폭행,2714
448,2015,울산,강력범죄(폭력),상해,1085
449,2015,울산,강력범죄(폭력),협박,172
450,2015,울산,강력범죄(폭력),공갈,71
451,2015,울산,강력범죄(폭력),약취와 유인,1
452,2015,울산,강력범죄(폭력),체포와 감금,17
453,2015,울산,강력범죄(폭력),폭력행위등(손괴강요주거침입등),35
454,2015,울산,강력범죄(폭력),폭력행위등(단체등의구성 활동),27
455,2015,울산,위조범죄,위조범죄,246
456,2015,세종,재산범죄,절도,647
457,2015,세종,재산범죄,장물,4
458,2015,세종,재산범죄,사기,569
459,2015,세종,재산범죄,횡령,127
460,2015,세종,재산범죄,배임,14
461,2015,세종,재산범죄,손괴,91
462,2015,세종,강력범죄(흉악),살인,3
463,2015,세종,강력범죄(흉악),강도,0
464,2015,세종,강력범죄(흉악),방화,5
465,2015,세종,강력범죄(흉악),성폭력,67
466,2015,세종,강력범죄(폭력),폭행,153
467,2015,세종,강력범죄(폭력),상해,159
468,2015,세종,강력범죄(폭력),협박,42
469,2015,세종,강력범죄(폭력),공갈,7
470,2015,세종,강력범죄(폭력),약취와 유인,1
471,2015,세종,강력범죄(폭력),체포와 감금,5
472,2015,세종,강력범죄(폭력),폭력행위등(손괴강요주거침입등),4
473,2015,세종,강력범죄(폭력),폭력행위등(단체등의구성 활동),1
474,2015,세종,위조범죄,위조범죄,38
475,2015,경기,재산범죄,절도,52091
476,2015,경기,재산범죄,장물,642
477,2015,경기,재산범죄,사기,58429
478,2015,경기,재산범죄,횡령,13105
479,2015,경기,재산범죄,배임,1286
480,2015,경기,재산범죄,손괴,14660
481,2015,경기,강력범죄(흉악),살인,228
482,2015,경기,강력범죄(흉악),강도,313
483,2015,경기,강력범죄(흉악),방화,424
484,2015,경기,강력범죄(흉악),성폭력,6791
485,2015,경기,강력범죄(폭력),폭행,41605
486,2015,경기,강력범죄(폭력),상해,11857
487,2015,경기,강력범죄(폭력),협박,3823
488,2015,경기,강력범죄(폭력),공갈,976
489,2015,경기,강력범죄(폭력),약취와 유인,66
490,2015,경기,강력범죄(폭력),체포와 감금,308
491,2015,경기,강력범죄(폭력),폭력행위등(손괴강요주거침입등),441
492,2015,경기,강력범죄(폭력),폭력행위등(단체등의구성 활동),208
493,2015,경기,위조범죄,위조범죄,4340
494,2015,강원,재산범죄,절도,5990
495,2015,강원,재산범죄,장물,28
496,2015,강원,재산범죄,사기,6450
497,2015,강원,재산범죄,횡령,1161
498,2015,강원,재산범죄,배임,151
499,2015,강원,재산범죄,손괴,2090
500,2015,강원,강력범죄(흉악),살인,34
501,2015,강원,강력범죄(흉악),강도,35
502,2015,강원,강력범죄(흉악),방화,49
503,2015,강원,강력범죄(흉악),성폭력,709
504,2015,강원,강력범죄(폭력),폭행,3989
505,2015,강원,강력범죄(폭력),상해,3079
506,2015,강원,강력범죄(폭력),협박,463
507,2015,강원,강력범죄(폭력),공갈,98
508,2015,강원,강력범죄(폭력),약취와 유인,3
509,2015,강원,강력범죄(폭력),체포와 감금,56
510,2015,강원,강력범죄(폭력),폭력행위등(손괴강요주거침입등),101
511,2015,강원,강력범죄(폭력),폭력행위등(단체등의구성 활동),28
512,2015,강원,위조범죄,위조범죄,650
513,2015,충북,재산범죄,절도,7582
514,2015,충북,재산범죄,장물,29
515,2015,충북,재산범죄,사기,6873
516,2015,충북,재산범죄,횡령,1009
517,2015,충북,재산범죄,배임,133
518,2015,충북,재산범죄,손괴,1971
519,2015,충북,강력범죄(흉악),살인,35
520,2015,충북,강력범죄(흉악),강도,45
521,2015,충북,강력범죄(흉악),방화,37
522,2015,충북,강력범죄(흉악),성폭력,741
523,2015,충북,강력범죄(폭력),폭행,4085
524,2015,충북,강력범죄(폭력),상해,2237
525,2015,충북,강력범죄(폭력),협박,432
526,2015,충북,강력범죄(폭력),공갈,105
527,2015,충북,강력범죄(폭력),약취와 유인,5
528,2015,충북,강력범죄(폭력),체포와 감금,49
529,2015,충북,강력범죄(폭력),폭력행위등(손괴강요주거침입등),95
530,2015,충북,강력범죄(폭력),폭력행위등(단체등의구성 활동),67
531,2015,충북,위조범죄,위조범죄,606
532,2015,충남,재산범죄,절도,10627
533,2015,충남,재산범죄,장물,51
534,2015,충남,재산범죄,사기,10357
535,2015,충남,재산범죄,횡령,1692
536,2015,충남,재산범죄,배임,230
537,2015,충남,재산범죄,손괴,2079
538,2015,충남,강력범죄(흉악),살인,56
539,2015,충남,강력범죄(흉악),강도,51
540,2015,충남,강력범죄(흉악),방화,71
541,2015,충남,강력범죄(흉악),성폭력,1023
542,2015,충남,강력범죄(폭력),폭행,3803
543,2015,충남,강력범죄(폭력),상해,2898
544,2015,충남,강력범죄(폭력),협박,467
545,2015,충남,강력범죄(폭력),공갈,245
546,2015,충남,강력범죄(폭력),약취와 유인,5
547,2015,충남,강력범죄(폭력),체포와 감금,54
548,2015,충남,강력범죄(폭력),폭력행위등(손괴강요주거침입등),98
549,2015,충남,강력범죄(폭력),폭력행위등(단체등의구성 활동),47
550,2015,충남,위조범죄,위조범죄,781
551,2015,전북,재산범죄,절도,8513
552,2015,전북,재산범죄,장물,1087
553,2015,전북,재산범죄,사기,9021
554,2015,전북,재산범죄,횡령,1004
555,2015,전북,재산범죄,배임,160
556,2015,전북,재산범죄,손괴,1637
557,2015,전북,강력범죄(흉악),살인,31
558,2015,전북,강력범죄(흉악),강도,47
559,2015,전북,강력범죄(흉악),방화,51
560,2015,전북,강력범죄(흉악),성폭력,860
561,2015,전북,강력범죄(폭력),폭행,4961
562,2015,전북,강력범죄(폭력),상해,2098
563,2015,전북,강력범죄(폭력),협박,438
564,2015,전북,강력범죄(폭력),공갈,228
565,2015,전북,강력범죄(폭력),약취와 유인,7
566,2015,전북,강력범죄(폭력),체포와 감금,61
567,2015,전북,강력범죄(폭력),폭력행위등(손괴강요주거침입등),89
568,2015,전북,강력범죄(폭력),폭력행위등(단체등의구성 활동),71
569,2015,전북,위조범죄,위조범죄,635
570,2015,전남,재산범죄,절도,7367
571,2015,전남,재산범죄,장물,38
572,2015,전남,재산범죄,사기,8409
573,2015,전남,재산범죄,횡령,1141
574,2015,전남,재산범죄,배임,220
575,2015,전남,재산범죄,손괴,1924
576,2015,전남,강력범죄(흉악),살인,36
577,2015,전남,강력범죄(흉악),강도,38
578,2015,전남,강력범죄(흉악),방화,72
579,2015,전남,강력범죄(흉악),성폭력,792
580,2015,전남,강력범죄(폭력),폭행,5541
581,2015,전남,강력범죄(폭력),상해,2898
582,2015,전남,강력범죄(폭력),협박,550
583,2015,전남,강력범죄(폭력),공갈,151
584,2015,전남,강력범죄(폭력),약취와 유인,13
585,2015,전남,강력범죄(폭력),체포와 감금,68
586,2015,전남,강력범죄(폭력),폭력행위등(손괴강요주거침입등),107
587,2015,전남,강력범죄(폭력),폭력행위등(단체등의구성 활동),64
588,2015,전남,위조범죄,위조범죄,990
589,2015,경북,재산범죄,절도,10869
590,2015,경북,재산범죄,장물,110
591,2015,경북,재산범죄,사기,11824
592,2015,경북,재산범죄,횡령,1525
593,2015,경북,재산범죄,배임,203
594,2015,경북,재산범죄,손괴,2870
595,2015,경북,강력범죄(흉악),살인,47
596,2015,경북,강력범죄(흉악),강도,72
597,2015,경북,강력범죄(흉악),방화,77
598,2015,경북,강력범죄(흉악),성폭력,954
599,2015,경북,강력범죄(폭력),폭행,5311
600,2015,경북,강력범죄(폭력),상해,4251
601,2015,경북,강력범죄(폭력),협박,672
602,2015,경북,강력범죄(폭력),공갈,290
603,2015,경북,강력범죄(폭력),약취와 유인,3
604,2015,경북,강력범죄(폭력),체포와 감금,79
605,2015,경북,강력범죄(폭력),폭력행위등(손괴강요주거침입등),125
606,2015,경북,강력범죄(폭력),폭력행위등(단체등의구성 활동),39
607,2015,경북,위조범죄,위조범죄,779
608,2015,경남,재산범죄,절도,17843
609,2015,경남,재산범죄,장물,157
610,2015,경남,재산범죄,사기,19381
611,2015,경남,재산범죄,횡령,2465
612,2015,경남,재산범죄,배임,346
613,2015,경남,재산범죄,손괴,4083
614,2015,경남,강력범죄(흉악),살인,72
615,2015,경남,강력범죄(흉악),강도,104
616,2015,경남,강력범죄(흉악),방화,109
617,2015,경남,강력범죄(흉악),성폭력,1461
618,2015,경남,강력범죄(폭력),폭행,9606
619,2015,경남,강력범죄(폭력),상해,6000
620,2015,경남,강력범죄(폭력),협박,947
621,2015,경남,강력범죄(폭력),공갈,316
622,2015,경남,강력범죄(폭력),약취와 유인,5
623,2015,경남,강력범죄(폭력),체포와 감금,87
624,2015,경남,강력범죄(폭력),폭력행위등(손괴강요주거침입등),131
625,2015,경남,강력범죄(폭력),폭력행위등(단체등의구성 활동),84
626,2015,경남,위조범죄,위조범죄,1045
627,2015,제주,재산범죄,절도,4228
628,2015,제주,재산범죄,장물,8
629,2015,제주,재산범죄,사기,3481
630,2015,제주,재산범죄,횡령,579
631,2015,제주,재산범죄,배임,185
632,2015,제주,재산범죄,손괴,1353
633,2015,제주,강력범죄(흉악),살인,27
634,2015,제주,강력범죄(흉악),강도,33
635,2015,제주,강력범죄(흉악),방화,34
636,2015,제주,강력범죄(흉악),성폭력,440
637,2015,제주,강력범죄(폭력),폭행,2637
638,2015,제주,강력범죄(폭력),상해,1015
639,2015,제주,강력범죄(폭력),협박,396
640,2015,제주,강력범죄(폭력),공갈,47
641,2015,제주,강력범죄(폭력),약취와 유인,4
642,2015,제주,강력범죄(폭력),체포와 감금,19
643,2015,제주,강력범죄(폭력),폭력행위등(손괴강요주거침입등),31
644,2015,제주,강력범죄(폭력),폭력행위등(단체등의구성 활동),22
645,2015,제주,위조범죄,위조범죄,231
646,2016,서울,재산범죄,절도,47005
647,2016,서울,재산범죄,장물,479
648,2016,서울,재산범죄,사기,53506
649,2016,서울,재산범죄,횡령,15997
650,2016,서울,재산범죄,배임,1397
651,2016,서울,재산범죄,손괴,11713
652,2016,서울,강력범죄(흉악),살인,155
653,2016,서울,강력범죄(흉악),강도,265
654,2016,서울,강력범죄(흉악),방화,287
655,2016,서울,강력범죄(흉악),성폭력,8442
656,2016,서울,강력범죄(폭력),폭행,40839
657,2016,서울,강력범죄(폭력),상해,7818
658,2016,서울,강력범죄(폭력),협박,3123
659,2016,서울,강력범죄(폭력),공갈,915
660,2016,서울,강력범죄(폭력),약취와 유인,38
661,2016,서울,강력범죄(폭력),체포와 감금,315
662,2016,서울,강력범죄(폭력),폭력행위등(손괴강요주거침입등),193
663,2016,서울,강력범죄(폭력),폭력행위등(단체등의구성 활동),22
664,2016,서울,위조범죄,위조범죄,4641
665,2016,부산,재산범죄,절도,16842
666,2016,부산,재산범죄,장물,474
667,2016,부산,재산범죄,사기,21031
668,2016,부산,재산범죄,횡령,3138
669,2016,부산,재산범죄,배임,436
670,2016,부산,재산범죄,손괴,3487
671,2016,부산,강력범죄(흉악),살인,77
672,2016,부산,강력범죄(흉악),강도,139
673,2016,부산,강력범죄(흉악),방화,95
674,2016,부산,강력범죄(흉악),성폭력,1737
675,2016,부산,강력범죄(폭력),폭행,10246
676,2016,부산,강력범죄(폭력),상해,5180
677,2016,부산,강력범죄(폭력),협박,1071
678,2016,부산,강력범죄(폭력),공갈,499
679,2016,부산,강력범죄(폭력),약취와 유인,19
680,2016,부산,강력범죄(폭력),체포와 감금,97
681,2016,부산,강력범죄(폭력),폭력행위등(손괴강요주거침입등),44
682,2016,부산,강력범죄(폭력),폭력행위등(단체등의구성 활동),16
683,2016,부산,위조범죄,위조범죄,1532
684,2016,대구,재산범죄,절도,9195
685,2016,대구,재산범죄,장물,162
686,2016,대구,재산범죄,사기,10964
687,2016,대구,재산범죄,횡령,2003
688,2016,대구,재산범죄,배임,224
689,2016,대구,재산범죄,손괴,2872
690,2016,대구,강력범죄(흉악),살인,32
691,2016,대구,강력범죄(흉악),강도,55
692,2016,대구,강력범죄(흉악),방화,68
693,2016,대구,강력범죄(흉악),성폭력,1202
694,2016,대구,강력범죄(폭력),폭행,7657
695,2016,대구,강력범죄(폭력),상해,3143
696,2016,대구,강력범죄(폭력),협박,638
697,2016,대구,강력범죄(폭력),공갈,270
698,2016,대구,강력범죄(폭력),약취와 유인,8
699,2016,대구,강력범죄(폭력),체포와 감금,62
700,2016,대구,강력범죄(폭력),폭력행위등(손괴강요주거침입등),39
701,2016,대구,강력범죄(폭력),폭력행위등(단체등의구성 활동),4
702,2016,대구,위조범죄,위조범죄,817
703,2016,인천,재산범죄,절도,10033
704,2016,인천,재산범죄,장물,128
705,2016,인천,재산범죄,사기,13632
706,2016,인천,재산범죄,횡령,3078
707,2016,인천,재산범죄,배임,286
708,2016,인천,재산범죄,손괴,3671
709,2016,인천,강력범죄(흉악),살인,53
710,2016,인천,강력범죄(흉악),강도,89
711,2016,인천,강력범죄(흉악),방화,83
712,2016,인천,강력범죄(흉악),성폭력,2132
713,2016,인천,강력범죄(폭력),폭행,12241
714,2016,인천,강력범죄(폭력),상해,2553
715,2016,인천,강력범죄(폭력),협박,918
716,2016,인천,강력범죄(폭력),공갈,326
717,2016,인천,강력범죄(폭력),약취와 유인,11
718,2016,인천,강력범죄(폭력),체포와 감금,160
719,2016,인천,강력범죄(폭력),폭력행위등(손괴강요주거침입등),58
720,2016,인천,강력범죄(폭력),폭력행위등(단체등의구성 활동),19
721,2016,인천,위조범죄,위조범죄,1063
722,2016,광주,재산범죄,절도,6098
723,2016,광주,재산범죄,장물,60
724,2016,광주,재산범죄,사기,7048
725,2016,광주,재산범죄,횡령,1595
726,2016,광주,재산범죄,배임,181
727,2016,광주,재산범죄,손괴,1561
728,2016,광주,강력범죄(흉악),살인,17
729,2016,광주,강력범죄(흉악),강도,49
730,2016,광주,강력범죄(흉악),방화,38
731,2016,광주,강력범죄(흉악),성폭력,874
732,2016,광주,강력범죄(폭력),폭행,4983
733,2016,광주,강력범죄(폭력),상해,1481
734,2016,광주,강력범죄(폭력),협박,414
735,2016,광주,강력범죄(폭력),공갈,174
736,2016,광주,강력범죄(폭력),약취와 유인,9
737,2016,광주,강력범죄(폭력),체포와 감금,44
738,2016,광주,강력범죄(폭력),폭력행위등(손괴강요주거침입등),22
739,2016,광주,강력범죄(폭력),폭력행위등(단체등의구성 활동),4
740,2016,광주,위조범죄,위조범죄,579
741,2016,대전,재산범죄,절도,7031
742,2016,대전,재산범죄,장물,47
743,2016,대전,재산범죄,사기,7476
744,2016,대전,재산범죄,횡령,1424
745,2016,대전,재산범죄,배임,117
746,2016,대전,재산범죄,손괴,1550
747,2016,대전,강력범죄(흉악),살인,25
748,2016,대전,강력범죄(흉악),강도,36
749,2016,대전,강력범죄(흉악),방화,44
750,2016,대전,강력범죄(흉악),성폭력,808
751,2016,대전,강력범죄(폭력),폭행,5322
752,2016,대전,강력범죄(폭력),상해,1625
753,2016,대전,강력범죄(폭력),협박,555
754,2016,대전,강력범죄(폭력),공갈,184
755,2016,대전,강력범죄(폭력),약취와 유인,4
756,2016,대전,강력범죄(폭력),체포와 감금,38
757,2016,대전,강력범죄(폭력),폭력행위등(손괴강요주거침입등),27
758,2016,대전,강력범죄(폭력),폭력행위등(단체등의구성 활동),3
759,2016,대전,위조범죄,위조범죄,594
760,2016,울산,재산범죄,절도,2727
761,2016,울산,재산범죄,장물,27
762,2016,울산,재산범죄,사기,3099
763,2016,울산,재산범죄,횡령,444
764,2016,울산,재산범죄,배임,86
765,2016,울산,재산범죄,손괴,921
766,2016,울산,강력범죄(흉악),살인,14
767,2016,울산,강력범죄(흉악),강도,21
768,2016,울산,강력범죄(흉악),방화,23
769,2016,울산,강력범죄(흉악),성폭력,300
770,2016,울산,강력범죄(폭력),폭행,2579
771,2016,울산,강력범죄(폭력),상해,1018
772,2016,울산,강력범죄(폭력),협박,298
773,2016,울산,강력범죄(폭력),공갈,61
774,2016,울산,강력범죄(폭력),약취와 유인,1
775,2016,울산,강력범죄(폭력),체포와 감금,19
776,2016,울산,강력범죄(폭력),폭력행위등(손괴강요주거침입등),11
777,2016,울산,강력범죄(폭력),폭력행위등(단체등의구성 활동),1
778,2016,울산,위조범죄,위조범죄,224
779,2016,세종,재산범죄,절도,639
780,2016,세종,재산범죄,장물,4
781,2016,세종,재산범죄,사기,582
782,2016,세종,재산범죄,횡령,190
783,2016,세종,재산범죄,배임,11
784,2016,세종,재산범죄,손괴,161
785,2016,세종,강력범죄(흉악),살인,2
786,2016,세종,강력범죄(흉악),강도,4
787,2016,세종,강력범죄(흉악),방화,2
788,2016,세종,강력범죄(흉악),성폭력,70
789,2016,세종,강력범죄(폭력),폭행,392
790,2016,세종,강력범죄(폭력),상해,187
791,2016,세종,강력범죄(폭력),협박,47
792,2016,세종,강력범죄(폭력),공갈,35
793,2016,세종,강력범죄(폭력),약취와 유인,2
794,2016,세종,강력범죄(폭력),체포와 감금,3
795,2016,세종,강력범죄(폭력),폭력행위등(손괴강요주거침입등),0
796,2016,세종,강력범죄(폭력),폭력행위등(단체등의구성 활동),0
797,2016,세종,위조범죄,위조범죄,43
798,2016,경기,재산범죄,절도,44873
799,2016,경기,재산범죄,장물,377
800,2016,경기,재산범죄,사기,57997
801,2016,경기,재산범죄,횡령,13179
802,2016,경기,재산범죄,배임,1108
803,2016,경기,재산범죄,손괴,15015
804,2016,경기,강력범죄(흉악),살인,256
805,2016,경기,강력범죄(흉악),강도,193
806,2016,경기,강력범죄(흉악),방화,334
807,2016,경기,강력범죄(흉악),성폭력,6886
808,2016,경기,강력범죄(폭력),폭행,44073
809,2016,경기,강력범죄(폭력),상해,10620
810,2016,경기,강력범죄(폭력),협박,4348
811,2016,경기,강력범죄(폭력),공갈,983
812,2016,경기,강력범죄(폭력),약취와 유인,56
813,2016,경기,강력범죄(폭력),체포와 감금,362
814,2016,경기,강력범죄(폭력),폭력행위등(손괴강요주거침입등),207
815,2016,경기,강력범죄(폭력),폭력행위등(단체등의구성 활동),43
816,2016,경기,위조범죄,위조범죄,4066
817,2016,강원,재산범죄,절도,5201
818,2016,강원,재산범죄,장물,22
819,2016,강원,재산범죄,사기,6740
820,2016,강원,재산범죄,횡령,1042
821,2016,강원,재산범죄,배임,147
822,2016,강원,재산범죄,손괴,2216
823,2016,강원,강력범죄(흉악),살인,31
824,2016,강원,강력범죄(흉악),강도,29
825,2016,강원,강력범죄(흉악),방화,46
826,2016,강원,강력범죄(흉악),성폭력,741
827,2016,강원,강력범죄(폭력),폭행,5123
828,2016,강원,강력범죄(폭력),상해,2833
829,2016,강원,강력범죄(폭력),협박,541
830,2016,강원,강력범죄(폭력),공갈,123
831,2016,강원,강력범죄(폭력),약취와 유인,7
832,2016,강원,강력범죄(폭력),체포와 감금,41
833,2016,강원,강력범죄(폭력),폭력행위등(손괴강요주거침입등),45
834,2016,강원,강력범죄(폭력),폭력행위등(단체등의구성 활동),3
835,2016,강원,위조범죄,위조범죄,535
836,2016,충북,재산범죄,절도,6146
837,2016,충북,재산범죄,장물,44
838,2016,충북,재산범죄,사기,6798
839,2016,충북,재산범죄,횡령,1130
840,2016,충북,재산범죄,배임,130
841,2016,충북,재산범죄,손괴,2046
842,2016,충북,강력범죄(흉악),살인,32
843,2016,충북,강력범죄(흉악),강도,26
844,2016,충북,강력범죄(흉악),방화,55
845,2016,충북,강력범죄(흉악),성폭력,780
846,2016,충북,강력범죄(폭력),폭행,4632
847,2016,충북,강력범죄(폭력),상해,2025
848,2016,충북,강력범죄(폭력),협박,514
849,2016,충북,강력범죄(폭력),공갈,118
850,2016,충북,강력범죄(폭력),약취와 유인,1
851,2016,충북,강력범죄(폭력),체포와 감금,49
852,2016,충북,강력범죄(폭력),폭력행위등(손괴강요주거침입등),27
853,2016,충북,강력범죄(폭력),폭력행위등(단체등의구성 활동),16
854,2016,충북,위조범죄,위조범죄,560
855,2016,충남,재산범죄,절도,8751
856,2016,충남,재산범죄,장물,34
857,2016,충남,재산범죄,사기,9777
858,2016,충남,재산범죄,횡령,1545
859,2016,충남,재산범죄,배임,243
860,2016,충남,재산범죄,손괴,2375
861,2016,충남,강력범죄(흉악),살인,55
862,2016,충남,강력범죄(흉악),강도,47
863,2016,충남,강력범죄(흉악),방화,91
864,2016,충남,강력범죄(흉악),성폭력,997
865,2016,충남,강력범죄(폭력),폭행,4303
866,2016,충남,강력범죄(폭력),상해,2744
867,2016,충남,강력범죄(폭력),협박,669
868,2016,충남,강력범죄(폭력),공갈,209
869,2016,충남,강력범죄(폭력),약취와 유인,7
870,2016,충남,강력범죄(폭력),체포와 감금,61
871,2016,충남,강력범죄(폭력),폭력행위등(손괴강요주거침입등),38
872,2016,충남,강력범죄(폭력),폭력행위등(단체등의구성 활동),8
873,2016,충남,위조범죄,위조범죄,703
874,2016,전북,재산범죄,절도,6082
875,2016,전북,재산범죄,장물,47
876,2016,전북,재산범죄,사기,10043
877,2016,전북,재산범죄,횡령,1008
878,2016,전북,재산범죄,배임,169
879,2016,전북,재산범죄,손괴,1583
880,2016,전북,강력범죄(흉악),살인,29
881,2016,전북,강력범죄(흉악),강도,39
882,2016,전북,강력범죄(흉악),방화,44
883,2016,전북,강력범죄(흉악),성폭력,702
884,2016,전북,강력범죄(폭력),폭행,5169
885,2016,전북,강력범죄(폭력),상해,1777
886,2016,전북,강력범죄(폭력),협박,474
887,2016,전북,강력범죄(폭력),공갈,96
888,2016,전북,강력범죄(폭력),약취와 유인,5
889,2016,전북,강력범죄(폭력),체포와 감금,60
890,2016,전북,강력범죄(폭력),폭력행위등(손괴강요주거침입등),33
891,2016,전북,강력범죄(폭력),폭력행위등(단체등의구성 활동),35
892,2016,전북,위조범죄,위조범죄,609
893,2016,전남,재산범죄,절도,6244
894,2016,전남,재산범죄,장물,19
895,2016,전남,재산범죄,사기,7816
896,2016,전남,재산범죄,횡령,1142
897,2016,전남,재산범죄,배임,547
898,2016,전남,재산범죄,손괴,1925
899,2016,전남,강력범죄(흉악),살인,37
900,2016,전남,강력범죄(흉악),강도,29
901,2016,전남,강력범죄(흉악),방화,66
902,2016,전남,강력범죄(흉악),성폭력,808
903,2016,전남,강력범죄(폭력),폭행,5744
904,2016,전남,강력범죄(폭력),상해,2436
905,2016,전남,강력범죄(폭력),협박,633
906,2016,전남,강력범죄(폭력),공갈,158
907,2016,전남,강력범죄(폭력),약취와 유인,10
908,2016,전남,강력범죄(폭력),체포와 감금,75
909,2016,전남,강력범죄(폭력),폭력행위등(손괴강요주거침입등),32
910,2016,전남,강력범죄(폭력),폭력행위등(단체등의구성 활동),7
911,2016,전남,위조범죄,위조범죄,601
912,2016,경북,재산범죄,절도,9320
913,2016,경북,재산범죄,장물,51
914,2016,경북,재산범죄,사기,12440
915,2016,경북,재산범죄,횡령,1573
916,2016,경북,재산범죄,배임,213
917,2016,경북,재산범죄,손괴,2981
918,2016,경북,강력범죄(흉악),살인,48
919,2016,경북,강력범죄(흉악),강도,50
920,2016,경북,강력범죄(흉악),방화,77
921,2016,경북,강력범죄(흉악),성폭력,926
922,2016,경북,강력범죄(폭력),폭행,5924
923,2016,경북,강력범죄(폭력),상해,3713
924,2016,경북,강력범죄(폭력),협박,748
925,2016,경북,강력범죄(폭력),공갈,256
926,2016,경북,강력범죄(폭력),약취와 유인,6
927,2016,경북,강력범죄(폭력),체포와 감금,77
928,2016,경북,강력범죄(폭력),폭력행위등(손괴강요주거침입등),39
929,2016,경북,강력범죄(폭력),폭력행위등(단체등의구성 활동),5
930,2016,경북,위조범죄,위조범죄,745
931,2016,경남,재산범죄,절도,13881
932,2016,경남,재산범죄,장물,100
933,2016,경남,재산범죄,사기,18408
934,2016,경남,재산범죄,횡령,2831
935,2016,경남,재산범죄,배임,409
936,2016,경남,재산범죄,손괴,3920
937,2016,경남,강력범죄(흉악),살인,68
938,2016,경남,강력범죄(흉악),강도,84
939,2016,경남,강력범죄(흉악),방화,99
940,2016,경남,강력범죄(흉악),성폭력,1406
941,2016,경남,강력범죄(폭력),폭행,9650
942,2016,경남,강력범죄(폭력),상해,5528
943,2016,경남,강력범죄(폭력),협박,1079
944,2016,경남,강력범죄(폭력),공갈,291
945,2016,경남,강력범죄(폭력),약취와 유인,15
946,2016,경남,강력범죄(폭력),체포와 감금,97
947,2016,경남,강력범죄(폭력),폭력행위등(손괴강요주거침입등),44
948,2016,경남,강력범죄(폭력),폭력행위등(단체등의구성 활동),2
949,2016,경남,위조범죄,위조범죄,1024
950,2016,제주,재산범죄,절도,3505
951,2016,제주,재산범죄,장물,11
952,2016,제주,재산범죄,사기,3243
953,2016,제주,재산범죄,횡령,750
954,2016,제주,재산범죄,배임,53
955,2016,제주,재산범죄,손괴,1363
956,2016,제주,강력범죄(흉악),살인,17
957,2016,제주,강력범죄(흉악),강도,26
958,2016,제주,강력범죄(흉악),방화,25
959,2016,제주,강력범죄(흉악),성폭력,546
960,2016,제주,강력범죄(폭력),폭행,3194
961,2016,제주,강력범죄(폭력),상해,1080
962,2016,제주,강력범죄(폭력),협박,374
963,2016,제주,강력범죄(폭력),공갈,65
964,2016,제주,강력범죄(폭력),약취와 유인,4
965,2016,제주,강력범죄(폭력),체포와 감금,19
966,2016,제주,강력범죄(폭력),폭력행위등(손괴강요주거침입등),19
967,2016,제주,강력범죄(폭력),폭력행위등(단체등의구성 활동),2
968,2016,제주,위조범죄,위조범죄,233
969,2017,서울,재산범죄,절도,41293
970,2017,서울,재산범죄,장물,411
971,2017,서울,재산범죄,사기,52904
972,2017,서울,재산범죄,횡령,15932
973,2017,서울,재산범죄,배임,1418
974,2017,서울,재산범죄,손괴,11037
975,2017,서울,강력범죄(흉악),살인,147
976,2017,서울,강력범죄(흉악),강도,172
977,2017,서울,강력범죄(흉악),방화,221
978,2017,서울,강력범죄(흉악),성폭력,10149
979,2017,서울,강력범죄(폭력),폭행,37696
980,2017,서울,강력범죄(폭력),상해,6634
981,2017,서울,강력범죄(폭력),협박,3025
982,2017,서울,강력범죄(폭력),공갈,921
983,2017,서울,강력범죄(폭력),약취와 유인,52
984,2017,서울,강력범죄(폭력),체포와 감금,317
985,2017,서울,강력범죄(폭력),폭력행위등(손괴강요주거침입등),183
986,2017,서울,강력범죄(폭력),폭력행위등(단체등의구성 활동),5
987,2017,서울,위조범죄,위조범죄,4721
988,2017,부산,재산범죄,절도,15892
989,2017,부산,재산범죄,장물,461
990,2017,부산,재산범죄,사기,19672
991,2017,부산,재산범죄,횡령,3518
992,2017,부산,재산범죄,배임,410
993,2017,부산,재산범죄,손괴,3720
994,2017,부산,강력범죄(흉악),살인,64
995,2017,부산,강력범죄(흉악),강도,102
996,2017,부산,강력범죄(흉악),방화,87
997,2017,부산,강력범죄(흉악),성폭력,2269
998,2017,부산,강력범죄(폭력),폭행,10612
999,2017,부산,강력범죄(폭력),상해,4690
1000,2017,부산,강력범죄(폭력),협박,1046
1001,2017,부산,강력범죄(폭력),공갈,453
1002,2017,부산,강력범죄(폭력),약취와 유인,19
1003,2017,부산,강력범죄(폭력),체포와 감금,90
1004,2017,부산,강력범죄(폭력),폭력행위등(손괴강요주거침입등),49
1005,2017,부산,강력범죄(폭력),폭력행위등(단체등의구성 활동),16
1006,2017,부산,위조범죄,위조범죄,1136
1007,2017,대구,재산범죄,절도,8324
1008,2017,대구,재산범죄,장물,67
1009,2017,대구,재산범죄,사기,10959
1010,2017,대구,재산범죄,횡령,2161
1011,2017,대구,재산범죄,배임,210
1012,2017,대구,재산범죄,손괴,2647
1013,2017,대구,강력범죄(흉악),살인,48
1014,2017,대구,강력범죄(흉악),강도,39
1015,2017,대구,강력범죄(흉악),방화,71
1016,2017,대구,강력범죄(흉악),성폭력,1169
1017,2017,대구,강력범죄(폭력),폭행,7087
1018,2017,대구,강력범죄(폭력),상해,3006
1019,2017,대구,강력범죄(폭력),협박,715
1020,2017,대구,강력범죄(폭력),공갈,225
1021,2017,대구,강력범죄(폭력),약취와 유인,9
1022,2017,대구,강력범죄(폭력),체포와 감금,81
1023,2017,대구,강력범죄(폭력),폭력행위등(손괴강요주거침입등),43
1024,2017,대구,강력범죄(폭력),폭력행위등(단체등의구성 활동),2
1025,2017,대구,위조범죄,위조범죄,791
1026,2017,인천,재산범죄,절도,9219
1027,2017,인천,재산범죄,장물,107
1028,2017,인천,재산범죄,사기,12748
1029,2017,인천,재산범죄,횡령,2942
1030,2017,인천,재산범죄,배임,228
1031,2017,인천,재산범죄,손괴,3470
1032,2017,인천,강력범죄(흉악),살인,35
1033,2017,인천,강력범죄(흉악),강도,74
1034,2017,인천,강력범죄(흉악),방화,80
1035,2017,인천,강력범죄(흉악),성폭력,2472
1036,2017,인천,강력범죄(폭력),폭행,12002
1037,2017,인천,강력범죄(폭력),상해,2322
1038,2017,인천,강력범죄(폭력),협박,955
1039,2017,인천,강력범죄(폭력),공갈,427
1040,2017,인천,강력범죄(폭력),약취와 유인,16
1041,2017,인천,강력범죄(폭력),체포와 감금,238
1042,2017,인천,강력범죄(폭력),폭력행위등(손괴강요주거침입등),68
1043,2017,인천,강력범죄(폭력),폭력행위등(단체등의구성 활동),10
1044,2017,인천,위조범죄,위조범죄,1041
1045,2017,광주,재산범죄,절도,4877
1046,2017,광주,재산범죄,장물,32
1047,2017,광주,재산범죄,사기,6809
1048,2017,광주,재산범죄,횡령,1558
1049,2017,광주,재산범죄,배임,97
1050,2017,광주,재산범죄,손괴,1484
1051,2017,광주,강력범죄(흉악),살인,12
1052,2017,광주,강력범죄(흉악),강도,33
1053,2017,광주,강력범죄(흉악),방화,35
1054,2017,광주,강력범죄(흉악),성폭력,876
1055,2017,광주,강력범죄(폭력),폭행,5054
1056,2017,광주,강력범죄(폭력),상해,1338
1057,2017,광주,강력범죄(폭력),협박,376
1058,2017,광주,강력범죄(폭력),공갈,148
1059,2017,광주,강력범죄(폭력),약취와 유인,5
1060,2017,광주,강력범죄(폭력),체포와 감금,46
1061,2017,광주,강력범죄(폭력),폭력행위등(손괴강요주거침입등),14
1062,2017,광주,강력범죄(폭력),폭력행위등(단체등의구성 활동),7
1063,2017,광주,위조범죄,위조범죄,451
1064,2017,대전,재산범죄,절도,6282
1065,2017,대전,재산범죄,장물,39
1066,2017,대전,재산범죄,사기,6963
1067,2017,대전,재산범죄,횡령,1403
1068,2017,대전,재산범죄,배임,128
1069,2017,대전,재산범죄,손괴,1476
1070,2017,대전,강력범죄(흉악),살인,22
1071,2017,대전,강력범죄(흉악),강도,43
1072,2017,대전,강력범죄(흉악),방화,39
1073,2017,대전,강력범죄(흉악),성폭력,987
1074,2017,대전,강력범죄(폭력),폭행,5425
1075,2017,대전,강력범죄(폭력),상해,1282
1076,2017,대전,강력범죄(폭력),협박,526
1077,2017,대전,강력범죄(폭력),공갈,129
1078,2017,대전,강력범죄(폭력),약취와 유인,6
1079,2017,대전,강력범죄(폭력),체포와 감금,52
1080,2017,대전,강력범죄(폭력),폭력행위등(손괴강요주거침입등),20
1081,2017,대전,강력범죄(폭력),폭력행위등(단체등의구성 활동),1
1082,2017,대전,위조범죄,위조범죄,629
1083,2017,울산,재산범죄,절도,2342
1084,2017,울산,재산범죄,장물,16
1085,2017,울산,재산범죄,사기,3345
1086,2017,울산,재산범죄,횡령,472
1087,2017,울산,재산범죄,배임,112
1088,2017,울산,재산범죄,손괴,885
1089,2017,울산,강력범죄(흉악),살인,16
1090,2017,울산,강력범죄(흉악),강도,12
1091,2017,울산,강력범죄(흉악),방화,25
1092,2017,울산,강력범죄(흉악),성폭력,295
1093,2017,울산,강력범죄(폭력),폭행,2321
1094,2017,울산,강력범죄(폭력),상해,958
1095,2017,울산,강력범죄(폭력),협박,249
1096,2017,울산,강력범죄(폭력),공갈,52
1097,2017,울산,강력범죄(폭력),약취와 유인,4
1098,2017,울산,강력범죄(폭력),체포와 감금,18
1099,2017,울산,강력범죄(폭력),폭력행위등(손괴강요주거침입등),6
1100,2017,울산,강력범죄(폭력),폭력행위등(단체등의구성 활동),2
1101,2017,울산,위조범죄,위조범죄,224
1102,2017,세종,재산범죄,절도,583
1103,2017,세종,재산범죄,장물,2
1104,2017,세종,재산범죄,사기,790
1105,2017,세종,재산범죄,횡령,253
1106,2017,세종,재산범죄,배임,17
1107,2017,세종,재산범죄,손괴,170
1108,2017,세종,강력범죄(흉악),살인,6
1109,2017,세종,강력범죄(흉악),강도,3
1110,2017,세종,강력범죄(흉악),방화,3
1111,2017,세종,강력범죄(흉악),성폭력,136
1112,2017,세종,강력범죄(폭력),폭행,297
1113,2017,세종,강력범죄(폭력),상해,166
1114,2017,세종,강력범죄(폭력),협박,52
1115,2017,세종,강력범죄(폭력),공갈,22
1116,2017,세종,강력범죄(폭력),약취와 유인,0
1117,2017,세종,강력범죄(폭력),체포와 감금,6
1118,2017,세종,강력범죄(폭력),폭력행위등(손괴강요주거침입등),1
1119,2017,세종,강력범죄(폭력),폭력행위등(단체등의구성 활동),0
1120,2017,세종,위조범죄,위조범죄,59
1121,2017,경기,재산범죄,절도,41511
1122,2017,경기,재산범죄,장물,306
1123,2017,경기,재산범죄,사기,56356
1124,2017,경기,재산범죄,횡령,13417
1125,2017,경기,재산범죄,배임,1166
1126,2017,경기,재산범죄,손괴,14536
1127,2017,경기,강력범죄(흉악),살인,186
1128,2017,경기,강력범죄(흉악),강도,213
1129,2017,경기,강력범죄(흉악),방화,300
1130,2017,경기,강력범죄(흉악),성폭력,7140
1131,2017,경기,강력범죄(폭력),폭행,42433
1132,2017,경기,강력범죄(폭력),상해,9158
1133,2017,경기,강력범죄(폭력),협박,4380
1134,2017,경기,강력범죄(폭력),공갈,1228
1135,2017,경기,강력범죄(폭력),약취와 유인,57
1136,2017,경기,강력범죄(폭력),체포와 감금,383
1137,2017,경기,강력범죄(폭력),폭력행위등(손괴강요주거침입등),195
1138,2017,경기,강력범죄(폭력),폭력행위등(단체등의구성 활동),31
1139,2017,경기,위조범죄,위조범죄,4209
1140,2017,강원,재산범죄,절도,5278
1141,2017,강원,재산범죄,장물,20
1142,2017,강원,재산범죄,사기,6087
1143,2017,강원,재산범죄,횡령,1005
1144,2017,강원,재산범죄,배임,123
1145,2017,강원,재산범죄,손괴,2053
1146,2017,강원,강력범죄(흉악),살인,33
1147,2017,강원,강력범죄(흉악),강도,27
1148,2017,강원,강력범죄(흉악),방화,55
1149,2017,강원,강력범죄(흉악),성폭력,757
1150,2017,강원,강력범죄(폭력),폭행,5099
1151,2017,강원,강력범죄(폭력),상해,2485
1152,2017,강원,강력범죄(폭력),협박,476
1153,2017,강원,강력범죄(폭력),공갈,129
1154,2017,강원,강력범죄(폭력),약취와 유인,1
1155,2017,강원,강력범죄(폭력),체포와 감금,54
1156,2017,강원,강력범죄(폭력),폭력행위등(손괴강요주거침입등),32
1157,2017,강원,강력범죄(폭력),폭력행위등(단체등의구성 활동),8
1158,2017,강원,위조범죄,위조범죄,613
1159,2017,충북,재산범죄,절도,5569
1160,2017,충북,재산범죄,장물,18
1161,2017,충북,재산범죄,사기,7267
1162,2017,충북,재산범죄,횡령,1149
1163,2017,충북,재산범죄,배임,142
1164,2017,충북,재산범죄,손괴,1836
1165,2017,충북,강력범죄(흉악),살인,37
1166,2017,충북,강력범죄(흉악),강도,30
1167,2017,충북,강력범죄(흉악),방화,45
1168,2017,충북,강력범죄(흉악),성폭력,864
1169,2017,충북,강력범죄(폭력),폭행,4071
1170,2017,충북,강력범죄(폭력),상해,1716
1171,2017,충북,강력범죄(폭력),협박,493
1172,2017,충북,강력범죄(폭력),공갈,140
1173,2017,충북,강력범죄(폭력),약취와 유인,5
1174,2017,충북,강력범죄(폭력),체포와 감금,67
1175,2017,충북,강력범죄(폭력),폭력행위등(손괴강요주거침입등),33
1176,2017,충북,강력범죄(폭력),폭력행위등(단체등의구성 활동),12
1177,2017,충북,위조범죄,위조범죄,635
1178,2017,충남,재산범죄,절도,8108
1179,2017,충남,재산범죄,장물,26
1180,2017,충남,재산범죄,사기,9542
1181,2017,충남,재산범죄,횡령,1653
1182,2017,충남,재산범죄,배임,234
1183,2017,충남,재산범죄,손괴,2420
1184,2017,충남,강력범죄(흉악),살인,50
1185,2017,충남,강력범죄(흉악),강도,33
1186,2017,충남,강력범죄(흉악),방화,86
1187,2017,충남,강력범죄(흉악),성폭력,1033
1188,2017,충남,강력범죄(폭력),폭행,4996
1189,2017,충남,강력범죄(폭력),상해,2509
1190,2017,충남,강력범죄(폭력),협박,628
1191,2017,충남,강력범죄(폭력),공갈,170
1192,2017,충남,강력범죄(폭력),약취와 유인,6
1193,2017,충남,강력범죄(폭력),체포와 감금,77
1194,2017,충남,강력범죄(폭력),폭력행위등(손괴강요주거침입등),47
1195,2017,충남,강력범죄(폭력),폭력행위등(단체등의구성 활동),3
1196,2017,충남,위조범죄,위조범죄,732
1197,2017,전북,재산범죄,절도,5447
1198,2017,전북,재산범죄,장물,191
1199,2017,전북,재산범죄,사기,8345
1200,2017,전북,재산범죄,횡령,1080
1201,2017,전북,재산범죄,배임,160
1202,2017,전북,재산범죄,손괴,1543
1203,2017,전북,강력범죄(흉악),살인,25
1204,2017,전북,강력범죄(흉악),강도,28
1205,2017,전북,강력범죄(흉악),방화,55
1206,2017,전북,강력범죄(흉악),성폭력,739
1207,2017,전북,강력범죄(폭력),폭행,4972
1208,2017,전북,강력범죄(폭력),상해,1706
1209,2017,전북,강력범죄(폭력),협박,488
1210,2017,전북,강력범죄(폭력),공갈,131
1211,2017,전북,강력범죄(폭력),약취와 유인,4
1212,2017,전북,강력범죄(폭력),체포와 감금,64
1213,2017,전북,강력범죄(폭력),폭력행위등(손괴강요주거침입등),20
1214,2017,전북,강력범죄(폭력),폭력행위등(단체등의구성 활동),27
1215,2017,전북,위조범죄,위조범죄,623
1216,2017,전남,재산범죄,절도,5228
1217,2017,전남,재산범죄,장물,20
1218,2017,전남,재산범죄,사기,7008
1219,2017,전남,재산범죄,횡령,1046
1220,2017,전남,재산범죄,배임,170
1221,2017,전남,재산범죄,손괴,1817
1222,2017,전남,강력범죄(흉악),살인,38
1223,2017,전남,강력범죄(흉악),강도,21
1224,2017,전남,강력범죄(흉악),방화,76
1225,2017,전남,강력범죄(흉악),성폭력,837
1226,2017,전남,강력범죄(폭력),폭행,5317
1227,2017,전남,강력범죄(폭력),상해,2266
1228,2017,전남,강력범죄(폭력),협박,571
1229,2017,전남,강력범죄(폭력),공갈,141
1230,2017,전남,강력범죄(폭력),약취와 유인,6
1231,2017,전남,강력범죄(폭력),체포와 감금,52
1232,2017,전남,강력범죄(폭력),폭력행위등(손괴강요주거침입등),33
1233,2017,전남,강력범죄(폭력),폭력행위등(단체등의구성 활동),9
1234,2017,전남,위조범죄,위조범죄,530
1235,2017,경북,재산범죄,절도,8690
1236,2017,경북,재산범죄,장물,110
1237,2017,경북,재산범죄,사기,11642
1238,2017,경북,재산범죄,횡령,1612
1239,2017,경북,재산범죄,배임,223
1240,2017,경북,재산범죄,손괴,2731
1241,2017,경북,강력범죄(흉악),살인,51
1242,2017,경북,강력범죄(흉악),강도,49
1243,2017,경북,강력범죄(흉악),방화,79
1244,2017,경북,강력범죄(흉악),성폭력,1069
1245,2017,경북,강력범죄(폭력),폭행,5845
1246,2017,경북,강력범죄(폭력),상해,3116
1247,2017,경북,강력범죄(폭력),협박,712
1248,2017,경북,강력범죄(폭력),공갈,265
1249,2017,경북,강력범죄(폭력),약취와 유인,11
1250,2017,경북,강력범죄(폭력),체포와 감금,77
1251,2017,경북,강력범죄(폭력),폭력행위등(손괴강요주거침입등),37
1252,2017,경북,강력범죄(폭력),폭력행위등(단체등의구성 활동),1
1253,2017,경북,위조범죄,위조범죄,676
1254,2017,경남,재산범죄,절도,12483
1255,2017,경남,재산범죄,장물,105
1256,2017,경남,재산범죄,사기,17845
1257,2017,경남,재산범죄,횡령,2751
1258,2017,경남,재산범죄,배임,336
1259,2017,경남,재산범죄,손괴,3509
1260,2017,경남,강력범죄(흉악),살인,67
1261,2017,경남,강력범죄(흉악),강도,76
1262,2017,경남,강력범죄(흉악),방화,86
1263,2017,경남,강력범죄(흉악),성폭력,1563
1264,2017,경남,강력범죄(폭력),폭행,9681
1265,2017,경남,강력범죄(폭력),상해,4952
1266,2017,경남,강력범죄(폭력),협박,982
1267,2017,경남,강력범죄(폭력),공갈,335
1268,2017,경남,강력범죄(폭력),약취와 유인,14
1269,2017,경남,강력범죄(폭력),체포와 감금,81
1270,2017,경남,강력범죄(폭력),폭력행위등(손괴강요주거침입등),49
1271,2017,경남,강력범죄(폭력),폭력행위등(단체등의구성 활동),3
1272,2017,경남,위조범죄,위조범죄,1353
1273,2017,제주,재산범죄,절도,3229
1274,2017,제주,재산범죄,장물,3
1275,2017,제주,재산범죄,사기,3360
1276,2017,제주,재산범죄,횡령,658
1277,2017,제주,재산범죄,배임,63
1278,2017,제주,재산범죄,손괴,1224
1279,2017,제주,강력범죄(흉악),살인,21
1280,2017,제주,강력범죄(흉악),강도,35
1281,2017,제주,강력범죄(흉악),방화,15
1282,2017,제주,강력범죄(흉악),성폭력,469
1283,2017,제주,강력범죄(폭력),폭행,2590
1284,2017,제주,강력범죄(폭력),상해,1072
1285,2017,제주,강력범죄(폭력),협박,333
1286,2017,제주,강력범죄(폭력),공갈,65
1287,2017,제주,강력범죄(폭력),약취와 유인,1
1288,2017,제주,강력범죄(폭력),체포와 감금,25
1289,2017,제주,강력범죄(폭력),폭력행위등(손괴강요주거침입등),13
1290,2017,제주,강력범죄(폭력),폭력행위등(단체등의구성 활동),3
1291,2017,제주,위조범죄,위조범죄,1079
1292,2018,서울,재산범죄,절도,39306
1293,2018,서울,재산범죄,장물,194
1294,2018,서울,재산범죄,사기,57121
1295,2018,서울,재산범죄,횡령,16659
1296,2018,서울,재산범죄,배임,1536
1297,2018,서울,재산범죄,손괴,10913
1298,2018,서울,강력범죄(흉악),살인,150
1299,2018,서울,강력범죄(흉악),강도,145
1300,2018,서울,강력범죄(흉악),방화,292
1301,2018,서울,강력범죄(흉악),성폭력,9388
1302,2018,서울,강력범죄(폭력),폭행,35525
1303,2018,서울,강력범죄(폭력),상해,5639
1304,2018,서울,강력범죄(폭력),협박,3220
1305,2018,서울,강력범죄(폭력),공갈,945
1306,2018,서울,강력범죄(폭력),약취와 유인,49
1307,2018,서울,강력범죄(폭력),체포와 감금,259
1308,2018,서울,강력범죄(폭력),폭력행위등(손괴강요주거침입등),160
1309,2018,서울,강력범죄(폭력),폭력행위등(단체등의구성 활동),18
1310,2018,서울,위조범죄,위조범죄,4049
1311,2018,부산,재산범죄,절도,14464
1312,2018,부산,재산범죄,장물,291
1313,2018,부산,재산범죄,사기,23114
1314,2018,부산,재산범죄,횡령,3740
1315,2018,부산,재산범죄,배임,376
1316,2018,부산,재산범죄,손괴,3551
1317,2018,부산,강력범죄(흉악),살인,55
1318,2018,부산,강력범죄(흉악),강도,87
1319,2018,부산,강력범죄(흉악),방화,108
1320,2018,부산,강력범죄(흉악),성폭력,2012
1321,2018,부산,강력범죄(폭력),폭행,10802
1322,2018,부산,강력범죄(폭력),상해,4074
1323,2018,부산,강력범죄(폭력),협박,1158
1324,2018,부산,강력범죄(폭력),공갈,458
1325,2018,부산,강력범죄(폭력),약취와 유인,12
1326,2018,부산,강력범죄(폭력),체포와 감금,98
1327,2018,부산,강력범죄(폭력),폭력행위등(손괴강요주거침입등),29
1328,2018,부산,강력범죄(폭력),폭력행위등(단체등의구성 활동),11
1329,2018,부산,위조범죄,위조범죄,1140
1330,2018,대구,재산범죄,절도,8204
1331,2018,대구,재산범죄,장물,45
1332,2018,대구,재산범죄,사기,12431
1333,2018,대구,재산범죄,횡령,2307
1334,2018,대구,재산범죄,배임,190
1335,2018,대구,재산범죄,손괴,2719
1336,2018,대구,강력범죄(흉악),살인,33
1337,2018,대구,강력범죄(흉악),강도,48
1338,2018,대구,강력범죄(흉악),방화,69
1339,2018,대구,강력범죄(흉악),성폭력,1276
1340,2018,대구,강력범죄(폭력),폭행,7009
1341,2018,대구,강력범죄(폭력),상해,2725
1342,2018,대구,강력범죄(폭력),협박,761
1343,2018,대구,강력범죄(폭력),공갈,206
1344,2018,대구,강력범죄(폭력),약취와 유인,5
1345,2018,대구,강력범죄(폭력),체포와 감금,67
1346,2018,대구,강력범죄(폭력),폭력행위등(손괴강요주거침입등),27
1347,2018,대구,강력범죄(폭력),폭력행위등(단체등의구성 활동),3
1348,2018,대구,위조범죄,위조범죄,930
1349,2018,인천,재산범죄,절도,9483
1350,2018,인천,재산범죄,장물,65
1351,2018,인천,재산범죄,사기,15666
1352,2018,인천,재산범죄,횡령,3468
1353,2018,인천,재산범죄,배임,295
1354,2018,인천,재산범죄,손괴,3578
1355,2018,인천,강력범죄(흉악),살인,44
1356,2018,인천,강력범죄(흉악),강도,37
1357,2018,인천,강력범죄(흉악),방화,77
1358,2018,인천,강력범죄(흉악),성폭력,2154
1359,2018,인천,강력범죄(폭력),폭행,12119
1360,2018,인천,강력범죄(폭력),상해,2044
1361,2018,인천,강력범죄(폭력),협박,1111
1362,2018,인천,강력범죄(폭력),공갈,391
1363,2018,인천,강력범죄(폭력),약취와 유인,16
1364,2018,인천,강력범죄(폭력),체포와 감금,138
1365,2018,인천,강력범죄(폭력),폭력행위등(손괴강요주거침입등),71
1366,2018,인천,강력범죄(폭력),폭력행위등(단체등의구성 활동),10
1367,2018,인천,위조범죄,위조범죄,855
1368,2018,광주,재산범죄,절도,4927
1369,2018,광주,재산범죄,장물,27
1370,2018,광주,재산범죄,사기,7923
1371,2018,광주,재산범죄,횡령,1605
1372,2018,광주,재산범죄,배임,161
1373,2018,광주,재산범죄,손괴,1443
1374,2018,광주,강력범죄(흉악),살인,24
1375,2018,광주,강력범죄(흉악),강도,28
1376,2018,광주,강력범죄(흉악),방화,34
1377,2018,광주,강력범죄(흉악),성폭력,891
1378,2018,광주,강력범죄(폭력),폭행,5153
1379,2018,광주,강력범죄(폭력),상해,1184
1380,2018,광주,강력범죄(폭력),협박,395
1381,2018,광주,강력범죄(폭력),공갈,130
1382,2018,광주,강력범죄(폭력),약취와 유인,4
1383,2018,광주,강력범죄(폭력),체포와 감금,50
1384,2018,광주,강력범죄(폭력),폭력행위등(손괴강요주거침입등),23
1385,2018,광주,강력범죄(폭력),폭력행위등(단체등의구성 활동),16
1386,2018,광주,위조범죄,위조범죄,598
1387,2018,대전,재산범죄,절도,5596
1388,2018,대전,재산범죄,장물,26
1389,2018,대전,재산범죄,사기,8186
1390,2018,대전,재산범죄,횡령,1414
1391,2018,대전,재산범죄,배임,105
1392,2018,대전,재산범죄,손괴,1510
1393,2018,대전,강력범죄(흉악),살인,17
1394,2018,대전,강력범죄(흉악),강도,51
1395,2018,대전,강력범죄(흉악),방화,43
1396,2018,대전,강력범죄(흉악),성폭력,1143
1397,2018,대전,강력범죄(폭력),폭행,5857
1398,2018,대전,강력범죄(폭력),상해,1102
1399,2018,대전,강력범죄(폭력),협박,621
1400,2018,대전,강력범죄(폭력),공갈,165
1401,2018,대전,강력범죄(폭력),약취와 유인,2
1402,2018,대전,강력범죄(폭력),체포와 감금,43
1403,2018,대전,강력범죄(폭력),폭력행위등(손괴강요주거침입등),19
1404,2018,대전,강력범죄(폭력),폭력행위등(단체등의구성 활동),0
1405,2018,대전,위조범죄,위조범죄,523
1406,2018,울산,재산범죄,절도,2310
1407,2018,울산,재산범죄,장물,5
1408,2018,울산,재산범죄,사기,4057
1409,2018,울산,재산범죄,횡령,486
1410,2018,울산,재산범죄,배임,56
1411,2018,울산,재산범죄,손괴,856
1412,2018,울산,강력범죄(흉악),살인,7
1413,2018,울산,강력범죄(흉악),강도,16
1414,2018,울산,강력범죄(흉악),방화,22
1415,2018,울산,강력범죄(흉악),성폭력,306
1416,2018,울산,강력범죄(폭력),폭행,2564
1417,2018,울산,강력범죄(폭력),상해,805
1418,2018,울산,강력범죄(폭력),협박,192
1419,2018,울산,강력범죄(폭력),공갈,53
1420,2018,울산,강력범죄(폭력),약취와 유인,2
1421,2018,울산,강력범죄(폭력),체포와 감금,16
1422,2018,울산,강력범죄(폭력),폭력행위등(손괴강요주거침입등),9
1423,2018,울산,강력범죄(폭력),폭력행위등(단체등의구성 활동),0
1424,2018,울산,위조범죄,위조범죄,159
1425,2018,세종,재산범죄,절도,588
1426,2018,세종,재산범죄,장물,0
1427,2018,세종,재산범죄,사기,1052
1428,2018,세종,재산범죄,횡령,216
1429,2018,세종,재산범죄,배임,5
1430,2018,세종,재산범죄,손괴,176
1431,2018,세종,강력범죄(흉악),살인,5
1432,2018,세종,강력범죄(흉악),강도,5
1433,2018,세종,강력범죄(흉악),방화,4
1434,2018,세종,강력범죄(흉악),성폭력,125
1435,2018,세종,강력범죄(폭력),폭행,310
1436,2018,세종,강력범죄(폭력),상해,141
1437,2018,세종,강력범죄(폭력),협박,68
1438,2018,세종,강력범죄(폭력),공갈,11
1439,2018,세종,강력범죄(폭력),약취와 유인,0
1440,2018,세종,강력범죄(폭력),체포와 감금,2
1441,2018,세종,강력범죄(폭력),폭력행위등(손괴강요주거침입등),4
1442,2018,세종,강력범죄(폭력),폭력행위등(단체등의구성 활동),0
1443,2018,세종,위조범죄,위조범죄,42
1444,2018,경기,재산범죄,절도,41207
1445,2018,경기,재산범죄,장물,172
1446,2018,경기,재산범죄,사기,65076
1447,2018,경기,재산범죄,횡령,15041
1448,2018,경기,재산범죄,배임,1155
1449,2018,경기,재산범죄,손괴,15186
1450,2018,경기,강력범죄(흉악),살인,209
1451,2018,경기,강력범죄(흉악),강도,170
1452,2018,경기,강력범죄(흉악),방화,361
1453,2018,경기,강력범죄(흉악),성폭력,7165
1454,2018,경기,강력범죄(폭력),폭행,42805
1455,2018,경기,강력범죄(폭력),상해,8483
1456,2018,경기,강력범죄(폭력),협박,4991
1457,2018,경기,강력범죄(폭력),공갈,1110
1458,2018,경기,강력범죄(폭력),약취와 유인,53
1459,2018,경기,강력범죄(폭력),체포와 감금,376
1460,2018,경기,강력범죄(폭력),폭력행위등(손괴강요주거침입등),173
1461,2018,경기,강력범죄(폭력),폭력행위등(단체등의구성 활동),27
1462,2018,경기,위조범죄,위조범죄,3444
1463,2018,강원,재산범죄,절도,4315
1464,2018,강원,재산범죄,장물,9
1465,2018,강원,재산범죄,사기,6983
1466,2018,강원,재산범죄,횡령,1083
1467,2018,강원,재산범죄,배임,139
1468,2018,강원,재산범죄,손괴,1890
1469,2018,강원,강력범죄(흉악),살인,27
1470,2018,강원,강력범죄(흉악),강도,17
1471,2018,강원,강력범죄(흉악),방화,41
1472,2018,강원,강력범죄(흉악),성폭력,852
1473,2018,강원,강력범죄(폭력),폭행,4655
1474,2018,강원,강력범죄(폭력),상해,1903
1475,2018,강원,강력범죄(폭력),협박,517
1476,2018,강원,강력범죄(폭력),공갈,103
1477,2018,강원,강력범죄(폭력),약취와 유인,5
1478,2018,강원,강력범죄(폭력),체포와 감금,35
1479,2018,강원,강력범죄(폭력),폭력행위등(손괴강요주거침입등),44
1480,2018,강원,강력범죄(폭력),폭력행위등(단체등의구성 활동),9
1481,2018,강원,위조범죄,위조범죄,429
1482,2018,충북,재산범죄,절도,5432
1483,2018,충북,재산범죄,장물,10
1484,2018,충북,재산범죄,사기,8464
1485,2018,충북,재산범죄,횡령,1242
1486,2018,충북,재산범죄,배임,152
1487,2018,충북,재산범죄,손괴,1900
1488,2018,충북,강력범죄(흉악),살인,32
1489,2018,충북,강력범죄(흉악),강도,33
1490,2018,충북,강력범죄(흉악),방화,49
1491,2018,충북,강력범죄(흉악),성폭력,822
1492,2018,충북,강력범죄(폭력),폭행,4077
1493,2018,충북,강력범죄(폭력),상해,1558
1494,2018,충북,강력범죄(폭력),협박,543
1495,2018,충북,강력범죄(폭력),공갈,122
1496,2018,충북,강력범죄(폭력),약취와 유인,7
1497,2018,충북,강력범죄(폭력),체포와 감금,61
1498,2018,충북,강력범죄(폭력),폭력행위등(손괴강요주거침입등),13
1499,2018,충북,강력범죄(폭력),폭력행위등(단체등의구성 활동),16
1500,2018,충북,위조범죄,위조범죄,524
1501,2018,충남,재산범죄,절도,8015
1502,2018,충남,재산범죄,장물,13
1503,2018,충남,재산범죄,사기,11600
1504,2018,충남,재산범죄,횡령,1779
1505,2018,충남,재산범죄,배임,224
1506,2018,충남,재산범죄,손괴,2444
1507,2018,충남,강력범죄(흉악),살인,36
1508,2018,충남,강력범죄(흉악),강도,41
1509,2018,충남,강력범죄(흉악),방화,92
1510,2018,충남,강력범죄(흉악),성폭력,1081
1511,2018,충남,강력범죄(폭력),폭행,5458
1512,2018,충남,강력범죄(폭력),상해,2319
1513,2018,충남,강력범죄(폭력),협박,746
1514,2018,충남,강력범죄(폭력),공갈,213
1515,2018,충남,강력범죄(폭력),약취와 유인,9
1516,2018,충남,강력범죄(폭력),체포와 감금,76
1517,2018,충남,강력범죄(폭력),폭력행위등(손괴강요주거침입등),41
1518,2018,충남,강력범죄(폭력),폭력행위등(단체등의구성 활동),0
1519,2018,충남,위조범죄,위조범죄,636
1520,2018,전북,재산범죄,절도,5689
1521,2018,전북,재산범죄,장물,13
1522,2018,전북,재산범죄,사기,9383
1523,2018,전북,재산범죄,횡령,1091
1524,2018,전북,재산범죄,배임,177
1525,2018,전북,재산범죄,손괴,1546
1526,2018,전북,강력범죄(흉악),살인,39
1527,2018,전북,강력범죄(흉악),강도,28
1528,2018,전북,강력범죄(흉악),방화,49
1529,2018,전북,강력범죄(흉악),성폭력,826
1530,2018,전북,강력범죄(폭력),폭행,4823
1531,2018,전북,강력범죄(폭력),상해,1754
1532,2018,전북,강력범죄(폭력),협박,508
1533,2018,전북,강력범죄(폭력),공갈,122
1534,2018,전북,강력범죄(폭력),약취와 유인,5
1535,2018,전북,강력범죄(폭력),체포와 감금,47
1536,2018,전북,강력범죄(폭력),폭력행위등(손괴강요주거침입등),35
1537,2018,전북,강력범죄(폭력),폭력행위등(단체등의구성 활동),40
1538,2018,전북,위조범죄,위조범죄,922
1539,2018,전남,재산범죄,절도,5065
1540,2018,전남,재산범죄,장물,11
1541,2018,전남,재산범죄,사기,8361
1542,2018,전남,재산범죄,횡령,1991
1543,2018,전남,재산범죄,배임,557
1544,2018,전남,재산범죄,손괴,1943
1545,2018,전남,강력범죄(흉악),살인,35
1546,2018,전남,강력범죄(흉악),강도,29
1547,2018,전남,강력범죄(흉악),방화,45
1548,2018,전남,강력범죄(흉악),성폭력,894
1549,2018,전남,강력범죄(폭력),폭행,5376
1550,2018,전남,강력범죄(폭력),상해,2022
1551,2018,전남,강력범죄(폭력),협박,734
1552,2018,전남,강력범죄(폭력),공갈,152
1553,2018,전남,강력범죄(폭력),약취와 유인,7
1554,2018,전남,강력범죄(폭력),체포와 감금,58
1555,2018,전남,강력범죄(폭력),폭력행위등(손괴강요주거침입등),31
1556,2018,전남,강력범죄(폭력),폭력행위등(단체등의구성 활동),2
1557,2018,전남,위조범죄,위조범죄,548
1558,2018,경북,재산범죄,절도,7681
1559,2018,경북,재산범죄,장물,17
1560,2018,경북,재산범죄,사기,14275
1561,2018,경북,재산범죄,횡령,1557
1562,2018,경북,재산범죄,배임,193
1563,2018,경북,재산범죄,손괴,2671
1564,2018,경북,강력범죄(흉악),살인,49
1565,2018,경북,강력범죄(흉악),강도,36
1566,2018,경북,강력범죄(흉악),방화,65
1567,2018,경북,강력범죄(흉악),성폭력,1132
1568,2018,경북,강력범죄(폭력),폭행,5882
1569,2018,경북,강력범죄(폭력),상해,2789
1570,2018,경북,강력범죄(폭력),협박,711
1571,2018,경북,강력범죄(폭력),공갈,251
1572,2018,경북,강력범죄(폭력),약취와 유인,7
1573,2018,경북,강력범죄(폭력),체포와 감금,55
1574,2018,경북,강력범죄(폭력),폭력행위등(손괴강요주거침입등),35
1575,2018,경북,강력범죄(폭력),폭력행위등(단체등의구성 활동),2
1576,2018,경북,위조범죄,위조범죄,535
1577,2018,경남,재산범죄,절도,12188
1578,2018,경남,재산범죄,장물,64
1579,2018,경남,재산범죄,사기,20428
1580,2018,경남,재산범죄,횡령,2781
1581,2018,경남,재산범죄,배임,392
1582,2018,경남,재산범죄,손괴,3411
1583,2018,경남,강력범죄(흉악),살인,71
1584,2018,경남,강력범죄(흉악),강도,60
1585,2018,경남,강력범죄(흉악),방화,106
1586,2018,경남,강력범죄(흉악),성폭력,1544
1587,2018,경남,강력범죄(폭력),폭행,9394
1588,2018,경남,강력범죄(폭력),상해,4166
1589,2018,경남,강력범죄(폭력),협박,1121
1590,2018,경남,강력범죄(폭력),공갈,311
1591,2018,경남,강력범죄(폭력),약취와 유인,13
1592,2018,경남,강력범죄(폭력),체포와 감금,89
1593,2018,경남,강력범죄(폭력),폭력행위등(손괴강요주거침입등),40
1594,2018,경남,강력범죄(폭력),폭력행위등(단체등의구성 활동),9
1595,2018,경남,위조범죄,위조범죄,1411
1596,2018,제주,재산범죄,절도,2988
1597,2018,제주,재산범죄,장물,3
1598,2018,제주,재산범죄,사기,4446
1599,2018,제주,재산범죄,횡령,712
1600,2018,제주,재산범죄,배임,75
1601,2018,제주,재산범죄,손괴,1251
1602,2018,제주,강력범죄(흉악),살인,16
1603,2018,제주,강력범죄(흉악),강도,10
1604,2018,제주,강력범죄(흉악),방화,21
1605,2018,제주,강력범죄(흉악),성폭력,493
1606,2018,제주,강력범죄(폭력),폭행,2691
1607,2018,제주,강력범죄(폭력),상해,958
1608,2018,제주,강력범죄(폭력),협박,380
1609,2018,제주,강력범죄(폭력),공갈,80
1610,2018,제주,강력범죄(폭력),약취와 유인,3
1611,2018,제주,강력범죄(폭력),체포와 감금,24
1612,2018,제주,강력범죄(폭력),폭력행위등(손괴강요주거침입등),15
1613,2018,제주,강력범죄(폭력),폭력행위등(단체등의구성 활동),1
1614,2018,제주,위조범죄,위조범죄,790
1615,2019,서울,재산범죄,절도,42362
1616,2019,서울,재산범죄,장물,164
1617,2019,서울,재산범죄,사기,61178
1618,2019,서울,재산범죄,횡령,17648
1619,2019,서울,재산범죄,배임,1489
1620,2019,서울,재산범죄,손괴,10723
1621,2019,서울,강력범죄(흉악),살인,160
1622,2019,서울,강력범죄(흉악),강도,157
1623,2019,서울,강력범죄(흉악),방화,252
1624,2019,서울,강력범죄(흉악),성폭력,9370
1625,2019,서울,강력범죄(폭력),폭행,34070
1626,2019,서울,강력범죄(폭력),상해,5079
1627,2019,서울,강력범죄(폭력),협박,3950
1628,2019,서울,강력범죄(폭력),공갈,1138
1629,2019,서울,강력범죄(폭력),약취와 유인,64
1630,2019,서울,강력범죄(폭력),체포와 감금,254
1631,2019,서울,강력범죄(폭력),폭력행위등(손괴강요주거침입등),163
1632,2019,서울,강력범죄(폭력),폭력행위등(단체등의구성 활동),27
1633,2019,서울,위조범죄,위조범죄,4121
1634,2019,부산,재산범죄,절도,14628
1635,2019,부산,재산범죄,장물,236
1636,2019,부산,재산범죄,사기,27083
1637,2019,부산,재산범죄,횡령,4036
1638,2019,부산,재산범죄,배임,478
1639,2019,부산,재산범죄,손괴,3846
1640,2019,부산,강력범죄(흉악),살인,69
1641,2019,부산,강력범죄(흉악),강도,86
1642,2019,부산,강력범죄(흉악),방화,97
1643,2019,부산,강력범죄(흉악),성폭력,2065
1644,2019,부산,강력범죄(폭력),폭행,11263
1645,2019,부산,강력범죄(폭력),상해,3748
1646,2019,부산,강력범죄(폭력),협박,1504
1647,2019,부산,강력범죄(폭력),공갈,420
1648,2019,부산,강력범죄(폭력),약취와 유인,16
1649,2019,부산,강력범죄(폭력),체포와 감금,64
1650,2019,부산,강력범죄(폭력),폭력행위등(손괴강요주거침입등),40
1651,2019,부산,강력범죄(폭력),폭력행위등(단체등의구성 활동),17
1652,2019,부산,위조범죄,위조범죄,1205
1653,2019,대구,재산범죄,절도,9272
1654,2019,대구,재산범죄,장물,18
1655,2019,대구,재산범죄,사기,15389
1656,2019,대구,재산범죄,횡령,2746
1657,2019,대구,재산범죄,배임,229
1658,2019,대구,재산범죄,손괴,2800
1659,2019,대구,강력범죄(흉악),살인,42
1660,2019,대구,강력범죄(흉악),강도,36
1661,2019,대구,강력범죄(흉악),방화,61
1662,2019,대구,강력범죄(흉악),성폭력,1290
1663,2019,대구,강력범죄(폭력),폭행,7007
1664,2019,대구,강력범죄(폭력),상해,2441
1665,2019,대구,강력범죄(폭력),협박,955
1666,2019,대구,강력범죄(폭력),공갈,191
1667,2019,대구,강력범죄(폭력),약취와 유인,2
1668,2019,대구,강력범죄(폭력),체포와 감금,85
1669,2019,대구,강력범죄(폭력),폭력행위등(손괴강요주거침입등),41
1670,2019,대구,강력범죄(폭력),폭력행위등(단체등의구성 활동),4
1671,2019,대구,위조범죄,위조범죄,829
1672,2019,인천,재산범죄,절도,10149
1673,2019,인천,재산범죄,장물,186
1674,2019,인천,재산범죄,사기,16958
1675,2019,인천,재산범죄,횡령,4319
1676,2019,인천,재산범죄,배임,262
1677,2019,인천,재산범죄,손괴,3480
1678,2019,인천,강력범죄(흉악),살인,51
1679,2019,인천,강력범죄(흉악),강도,60
1680,2019,인천,강력범죄(흉악),방화,72
1681,2019,인천,강력범죄(흉악),성폭력,2093
1682,2019,인천,강력범죄(폭력),폭행,12592
1683,2019,인천,강력범죄(폭력),상해,1814
1684,2019,인천,강력범죄(폭력),협박,1319
1685,2019,인천,강력범죄(폭력),공갈,425
1686,2019,인천,강력범죄(폭력),약취와 유인,12
1687,2019,인천,강력범죄(폭력),체포와 감금,215
1688,2019,인천,강력범죄(폭력),폭력행위등(손괴강요주거침입등),52
1689,2019,인천,강력범죄(폭력),폭력행위등(단체등의구성 활동),2
1690,2019,인천,위조범죄,위조범죄,1127
1691,2019,광주,재산범죄,절도,5018
1692,2019,광주,재산범죄,장물,9
1693,2019,광주,재산범죄,사기,9079
1694,2019,광주,재산범죄,횡령,1888
1695,2019,광주,재산범죄,배임,233
1696,2019,광주,재산범죄,손괴,1529
1697,2019,광주,강력범죄(흉악),살인,22
1698,2019,광주,강력범죄(흉악),강도,30
1699,2019,광주,강력범죄(흉악),방화,42
1700,2019,광주,강력범죄(흉악),성폭력,855
1701,2019,광주,강력범죄(폭력),폭행,5351
1702,2019,광주,강력범죄(폭력),상해,1153
1703,2019,광주,강력범죄(폭력),협박,593
1704,2019,광주,강력범죄(폭력),공갈,147
1705,2019,광주,강력범죄(폭력),약취와 유인,4
1706,2019,광주,강력범죄(폭력),체포와 감금,65
1707,2019,광주,강력범죄(폭력),폭력행위등(손괴강요주거침입등),18
1708,2019,광주,강력범죄(폭력),폭력행위등(단체등의구성 활동),5
1709,2019,광주,위조범죄,위조범죄,644
1710,2019,대전,재산범죄,절도,5905
1711,2019,대전,재산범죄,장물,15
1712,2019,대전,재산범죄,사기,9583
1713,2019,대전,재산범죄,횡령,1336
1714,2019,대전,재산범죄,배임,132
1715,2019,대전,재산범죄,손괴,1491
1716,2019,대전,강력범죄(흉악),살인,23
1717,2019,대전,강력범죄(흉악),강도,25
1718,2019,대전,강력범죄(흉악),방화,48
1719,2019,대전,강력범죄(흉악),성폭력,1027
1720,2019,대전,강력범죄(폭력),폭행,4872
1721,2019,대전,강력범죄(폭력),상해,1052
1722,2019,대전,강력범죄(폭력),협박,684
1723,2019,대전,강력범죄(폭력),공갈,168
1724,2019,대전,강력범죄(폭력),약취와 유인,5
1725,2019,대전,강력범죄(폭력),체포와 감금,44
1726,2019,대전,강력범죄(폭력),폭력행위등(손괴강요주거침입등),18
1727,2019,대전,강력범죄(폭력),폭력행위등(단체등의구성 활동),0
1728,2019,대전,위조범죄,위조범죄,507
1729,2019,울산,재산범죄,절도,2181
1730,2019,울산,재산범죄,장물,8
1731,2019,울산,재산범죄,사기,4411
1732,2019,울산,재산범죄,횡령,457
1733,2019,울산,재산범죄,배임,70
1734,2019,울산,재산범죄,손괴,818
1735,2019,울산,강력범죄(흉악),살인,17
1736,2019,울산,강력범죄(흉악),강도,14
1737,2019,울산,강력범죄(흉악),방화,14
1738,2019,울산,강력범죄(흉악),성폭력,335
1739,2019,울산,강력범죄(폭력),폭행,2001
1740,2019,울산,강력범죄(폭력),상해,764
1741,2019,울산,강력범죄(폭력),협박,270
1742,2019,울산,강력범죄(폭력),공갈,54
1743,2019,울산,강력범죄(폭력),약취와 유인,1
1744,2019,울산,강력범죄(폭력),체포와 감금,21
1745,2019,울산,강력범죄(폭력),폭력행위등(손괴강요주거침입등),11
1746,2019,울산,강력범죄(폭력),폭력행위등(단체등의구성 활동),1
1747,2019,울산,위조범죄,위조범죄,172
1748,2019,세종,재산범죄,절도,850
1749,2019,세종,재산범죄,장물,3
1750,2019,세종,재산범죄,사기,1359
1751,2019,세종,재산범죄,횡령,282
1752,2019,세종,재산범죄,배임,20
1753,2019,세종,재산범죄,손괴,221
1754,2019,세종,강력범죄(흉악),살인,3
1755,2019,세종,강력범죄(흉악),강도,0
1756,2019,세종,강력범죄(흉악),방화,2
1757,2019,세종,강력범죄(흉악),성폭력,98
1758,2019,세종,강력범죄(폭력),폭행,381
1759,2019,세종,강력범죄(폭력),상해,158
1760,2019,세종,강력범죄(폭력),협박,97
1761,2019,세종,강력범죄(폭력),공갈,15
1762,2019,세종,강력범죄(폭력),약취와 유인,1
1763,2019,세종,강력범죄(폭력),체포와 감금,1
1764,2019,세종,강력범죄(폭력),폭력행위등(손괴강요주거침입등),1
1765,2019,세종,강력범죄(폭력),폭력행위등(단체등의구성 활동),1
1766,2019,세종,위조범죄,위조범죄,54
1767,2019,경기,재산범죄,절도,42015
1768,2019,경기,재산범죄,장물,115
1769,2019,경기,재산범죄,사기,75697
1770,2019,경기,재산범죄,횡령,15400
1771,2019,경기,재산범죄,배임,1051
1772,2019,경기,재산범죄,손괴,15556
1773,2019,경기,강력범죄(흉악),살인,170
1774,2019,경기,강력범죄(흉악),강도,187
1775,2019,경기,강력범죄(흉악),방화,294
1776,2019,경기,강력범죄(흉악),성폭력,7054
1777,2019,경기,강력범죄(폭력),폭행,43012
1778,2019,경기,강력범죄(폭력),상해,7669
1779,2019,경기,강력범죄(폭력),협박,5901
1780,2019,경기,강력범죄(폭력),공갈,1318
1781,2019,경기,강력범죄(폭력),약취와 유인,85
1782,2019,경기,강력범죄(폭력),체포와 감금,369
1783,2019,경기,강력범죄(폭력),폭력행위등(손괴강요주거침입등),227
1784,2019,경기,강력범죄(폭력),폭력행위등(단체등의구성 활동),42
1785,2019,경기,위조범죄,위조범죄,3294
1786,2019,강원,재산범죄,절도,4686
1787,2019,강원,재산범죄,장물,20
1788,2019,강원,재산범죄,사기,8340
1789,2019,강원,재산범죄,횡령,1175
1790,2019,강원,재산범죄,배임,144
1791,2019,강원,재산범죄,손괴,1837
1792,2019,강원,강력범죄(흉악),살인,23
1793,2019,강원,강력범죄(흉악),강도,26
1794,2019,강원,강력범죄(흉악),방화,42
1795,2019,강원,강력범죄(흉악),성폭력,852
1796,2019,강원,강력범죄(폭력),폭행,3998
1797,2019,강원,강력범죄(폭력),상해,1778
1798,2019,강원,강력범죄(폭력),협박,657
1799,2019,강원,강력범죄(폭력),공갈,175
1800,2019,강원,강력범죄(폭력),약취와 유인,11
1801,2019,강원,강력범죄(폭력),체포와 감금,53
1802,2019,강원,강력범죄(폭력),폭력행위등(손괴강요주거침입등),45
1803,2019,강원,강력범죄(폭력),폭력행위등(단체등의구성 활동),2
1804,2019,강원,위조범죄,위조범죄,499
1805,2019,충북,재산범죄,절도,5964
1806,2019,충북,재산범죄,장물,16
1807,2019,충북,재산범죄,사기,9472
1808,2019,충북,재산범죄,횡령,1247
1809,2019,충북,재산범죄,배임,152
1810,2019,충북,재산범죄,손괴,1917
1811,2019,충북,강력범죄(흉악),살인,32
1812,2019,충북,강력범죄(흉악),강도,36
1813,2019,충북,강력범죄(흉악),방화,55
1814,2019,충북,강력범죄(흉악),성폭력,827
1815,2019,충북,강력범죄(폭력),폭행,3917
1816,2019,충북,강력범죄(폭력),상해,1468
1817,2019,충북,강력범죄(폭력),협박,725
1818,2019,충북,강력범죄(폭력),공갈,179
1819,2019,충북,강력범죄(폭력),약취와 유인,8
1820,2019,충북,강력범죄(폭력),체포와 감금,58
1821,2019,충북,강력범죄(폭력),폭력행위등(손괴강요주거침입등),12
1822,2019,충북,강력범죄(폭력),폭력행위등(단체등의구성 활동),13
1823,2019,충북,위조범죄,위조범죄,578
1824,2019,충남,재산범죄,절도,8253
1825,2019,충남,재산범죄,장물,18
1826,2019,충남,재산범죄,사기,12212
1827,2019,충남,재산범죄,횡령,1973
1828,2019,충남,재산범죄,배임,249
1829,2019,충남,재산범죄,손괴,2537
1830,2019,충남,강력범죄(흉악),살인,46
1831,2019,충남,강력범죄(흉악),강도,32
1832,2019,충남,강력범죄(흉악),방화,76
1833,2019,충남,강력범죄(흉악),성폭력,1053
1834,2019,충남,강력범죄(폭력),폭행,4684
1835,2019,충남,강력범죄(폭력),상해,2102
1836,2019,충남,강력범죄(폭력),협박,818
1837,2019,충남,강력범죄(폭력),공갈,196
1838,2019,충남,강력범죄(폭력),약취와 유인,9
1839,2019,충남,강력범죄(폭력),체포와 감금,59
1840,2019,충남,강력범죄(폭력),폭력행위등(손괴강요주거침입등),30
1841,2019,충남,강력범죄(폭력),폭력행위등(단체등의구성 활동),4
1842,2019,충남,위조범죄,위조범죄,655
1843,2019,전북,재산범죄,절도,5839
1844,2019,전북,재산범죄,장물,5
1845,2019,전북,재산범죄,사기,9892
1846,2019,전북,재산범죄,횡령,1223
1847,2019,전북,재산범죄,배임,153
1848,2019,전북,재산범죄,손괴,1495
1849,2019,전북,강력범죄(흉악),살인,43
1850,2019,전북,강력범죄(흉악),강도,28
1851,2019,전북,강력범죄(흉악),방화,52
1852,2019,전북,강력범죄(흉악),성폭력,940
1853,2019,전북,강력범죄(폭력),폭행,4912
1854,2019,전북,강력범죄(폭력),상해,1532
1855,2019,전북,강력범죄(폭력),협박,553
1856,2019,전북,강력범죄(폭력),공갈,196
1857,2019,전북,강력범죄(폭력),약취와 유인,5
1858,2019,전북,강력범죄(폭력),체포와 감금,45
1859,2019,전북,강력범죄(폭력),폭력행위등(손괴강요주거침입등),37
1860,2019,전북,강력범죄(폭력),폭력행위등(단체등의구성 활동),44
1861,2019,전북,위조범죄,위조범죄,587
1862,2019,전남,재산범죄,절도,5740
1863,2019,전남,재산범죄,장물,9
1864,2019,전남,재산범죄,사기,8345
1865,2019,전남,재산범죄,횡령,1479
1866,2019,전남,재산범죄,배임,640
1867,2019,전남,재산범죄,손괴,2186
1868,2019,전남,강력범죄(흉악),살인,28
1869,2019,전남,강력범죄(흉악),강도,27
1870,2019,전남,강력범죄(흉악),방화,63
1871,2019,전남,강력범죄(흉악),성폭력,881
1872,2019,전남,강력범죄(폭력),폭행,5240
1873,2019,전남,강력범죄(폭력),상해,1957
1874,2019,전남,강력범죄(폭력),협박,864
1875,2019,전남,강력범죄(폭력),공갈,162
1876,2019,전남,강력범죄(폭력),약취와 유인,11
1877,2019,전남,강력범죄(폭력),체포와 감금,48
1878,2019,전남,강력범죄(폭력),폭력행위등(손괴강요주거침입등),46
1879,2019,전남,강력범죄(폭력),폭력행위등(단체등의구성 활동),0
1880,2019,전남,위조범죄,위조범죄,596
1881,2019,경북,재산범죄,절도,8857
1882,2019,경북,재산범죄,장물,13
1883,2019,경북,재산범죄,사기,16205
1884,2019,경북,재산범죄,횡령,1835
1885,2019,경북,재산범죄,배임,185
1886,2019,경북,재산범죄,손괴,2992
1887,2019,경북,강력범죄(흉악),살인,39
1888,2019,경북,강력범죄(흉악),강도,27
1889,2019,경북,강력범죄(흉악),방화,85
1890,2019,경북,강력범죄(흉악),성폭력,1184
1891,2019,경북,강력범죄(폭력),폭행,6498
1892,2019,경북,강력범죄(폭력),상해,2725
1893,2019,경북,강력범죄(폭력),협박,1006
1894,2019,경북,강력범죄(폭력),공갈,304
1895,2019,경북,강력범죄(폭력),약취와 유인,6
1896,2019,경북,강력범죄(폭력),체포와 감금,80
1897,2019,경북,강력범죄(폭력),폭력행위등(손괴강요주거침입등),50
1898,2019,경북,강력범죄(폭력),폭력행위등(단체등의구성 활동),3
1899,2019,경북,위조범죄,위조범죄,635
1900,2019,경남,재산범죄,절도,12674
1901,2019,경남,재산범죄,장물,84
1902,2019,경남,재산범죄,사기,23797
1903,2019,경남,재산범죄,횡령,2983
1904,2019,경남,재산범죄,배임,412
1905,2019,경남,재산범죄,손괴,3739
1906,2019,경남,강력범죄(흉악),살인,58
1907,2019,경남,강력범죄(흉악),강도,53
1908,2019,경남,강력범죄(흉악),방화,61
1909,2019,경남,강력범죄(흉악),성폭력,1596
1910,2019,경남,강력범죄(폭력),폭행,9688
1911,2019,경남,강력범죄(폭력),상해,4036
1912,2019,경남,강력범죄(폭력),협박,1302
1913,2019,경남,강력범죄(폭력),공갈,387
1914,2019,경남,강력범죄(폭력),약취와 유인,15
1915,2019,경남,강력범죄(폭력),체포와 감금,98
1916,2019,경남,강력범죄(폭력),폭력행위등(손괴강요주거침입등),43
1917,2019,경남,강력범죄(폭력),폭력행위등(단체등의구성 활동),3
1918,2019,경남,위조범죄,위조범죄,1066
1919,2019,제주,재산범죄,절도,3236
1920,2019,제주,재산범죄,장물,6
1921,2019,제주,재산범죄,사기,4593
1922,2019,제주,재산범죄,횡령,792
1923,2019,제주,재산범죄,배임,97
1924,2019,제주,재산범죄,손괴,1301
1925,2019,제주,강력범죄(흉악),살인,21
1926,2019,제주,강력범죄(흉악),강도,21
1927,2019,제주,강력범죄(흉악),방화,29
1928,2019,제주,강력범죄(흉악),성폭력,509
1929,2019,제주,강력범죄(폭력),폭행,2429
1930,2019,제주,강력범죄(폭력),상해,830
1931,2019,제주,강력범죄(폭력),협박,450
1932,2019,제주,강력범죄(폭력),공갈,99
1933,2019,제주,강력범죄(폭력),약취와 유인,5
1934,2019,제주,강력범죄(폭력),체포와 감금,32
1935,2019,제주,강력범죄(폭력),폭력행위등(손괴강요주거침입등),19
1936,2019,제주,강력범죄(폭력),폭력행위등(단체등의구성 활동),1
1937,2019,제주,위조범죄,위조범죄,202
1938,2020,서울,재산범죄,절도,38414
1939,2020,서울,재산범죄,장물,67
1940,2020,서울,재산범죄,사기,66999
1941,2020,서울,재산범죄,횡령,16726
1942,2020,서울,재산범죄,배임,1283
1943,2020,서울,재산범죄,손괴,10514
1944,2020,서울,강력범죄(흉악),살인,168
1945,2020,서울,강력범죄(흉악),강도,143
1946,2020,서울,강력범죄(흉악),방화,218
1947,2020,서울,강력범죄(흉악),성폭력,8285
1948,2020,서울,강력범죄(폭력),폭행,28699
1949,2020,서울,강력범죄(폭력),상해,4243
1950,2020,서울,강력범죄(폭력),협박,4040
1951,2020,서울,강력범죄(폭력),공갈,1060
1952,2020,서울,강력범죄(폭력),약취와 유인,54
1953,2020,서울,강력범죄(폭력),체포와 감금,262
1954,2020,서울,강력범죄(폭력),폭력행위등(손괴강요주거침입등),176
1955,2020,서울,강력범죄(폭력),폭력행위등(단체등의구성 활동),17
1956,2020,서울,위조범죄,위조범죄,3432
1957,2020,부산,재산범죄,절도,14280
1958,2020,부산,재산범죄,장물,227
1959,2020,부산,재산범죄,사기,32872
1960,2020,부산,재산범죄,횡령,4097
1961,2020,부산,재산범죄,배임,408
1962,2020,부산,재산범죄,손괴,3757
1963,2020,부산,강력범죄(흉악),살인,60
1964,2020,부산,강력범죄(흉악),강도,39
1965,2020,부산,강력범죄(흉악),방화,86
1966,2020,부산,강력범죄(흉악),성폭력,1938
1967,2020,부산,강력범죄(폭력),폭행,10288
1968,2020,부산,강력범죄(폭력),상해,3218
1969,2020,부산,강력범죄(폭력),협박,1461
1970,2020,부산,강력범죄(폭력),공갈,409
1971,2020,부산,강력범죄(폭력),약취와 유인,11
1972,2020,부산,강력범죄(폭력),체포와 감금,101
1973,2020,부산,강력범죄(폭력),폭력행위등(손괴강요주거침입등),67
1974,2020,부산,강력범죄(폭력),폭력행위등(단체등의구성 활동),4
1975,2020,부산,위조범죄,위조범죄,1150
1976,2020,대구,재산범죄,절도,8700
1977,2020,대구,재산범죄,장물,22
1978,2020,대구,재산범죄,사기,17472
1979,2020,대구,재산범죄,횡령,2575
1980,2020,대구,재산범죄,배임,190
1981,2020,대구,재산범죄,손괴,2822
1982,2020,대구,강력범죄(흉악),살인,32
1983,2020,대구,강력범죄(흉악),강도,35
1984,2020,대구,강력범죄(흉악),방화,52
1985,2020,대구,강력범죄(흉악),성폭력,1099
1986,2020,대구,강력범죄(폭력),폭행,6229
1987,2020,대구,강력범죄(폭력),상해,2142
1988,2020,대구,강력범죄(폭력),협박,980
1989,2020,대구,강력범죄(폭력),공갈,223
1990,2020,대구,강력범죄(폭력),약취와 유인,3
1991,2020,대구,강력범죄(폭력),체포와 감금,59
1992,2020,대구,강력범죄(폭력),폭력행위등(손괴강요주거침입등),35
1993,2020,대구,강력범죄(폭력),폭력행위등(단체등의구성 활동),3
1994,2020,대구,위조범죄,위조범죄,772
1995,2020,인천,재산범죄,절도,8991
1996,2020,인천,재산범죄,장물,41
1997,2020,인천,재산범죄,사기,19807
1998,2020,인천,재산범죄,횡령,4320
1999,2020,인천,재산범죄,배임,206
2000,2020,인천,재산범죄,손괴,3383
2001,2020,인천,강력범죄(흉악),살인,36
2002,2020,인천,강력범죄(흉악),강도,46
2003,2020,인천,강력범죄(흉악),방화,65
2004,2020,인천,강력범죄(흉악),성폭력,1884
2005,2020,인천,강력범죄(폭력),폭행,10756
2006,2020,인천,강력범죄(폭력),상해,1746
2007,2020,인천,강력범죄(폭력),협박,1359
2008,2020,인천,강력범죄(폭력),공갈,473
2009,2020,인천,강력범죄(폭력),약취와 유인,13
2010,2020,인천,강력범죄(폭력),체포와 감금,124
2011,2020,인천,강력범죄(폭력),폭력행위등(손괴강요주거침입등),58
2012,2020,인천,강력범죄(폭력),폭력행위등(단체등의구성 활동),6
2013,2020,인천,위조범죄,위조범죄,841
2014,2020,광주,재산범죄,절도,5021
2015,2020,광주,재산범죄,장물,9
2016,2020,광주,재산범죄,사기,9771
2017,2020,광주,재산범죄,횡령,1756
2018,2020,광주,재산범죄,배임,163
2019,2020,광주,재산범죄,손괴,1467
2020,2020,광주,강력범죄(흉악),살인,15
2021,2020,광주,강력범죄(흉악),강도,34
2022,2020,광주,강력범죄(흉악),방화,16
2023,2020,광주,강력범죄(흉악),성폭력,790
2024,2020,광주,강력범죄(폭력),폭행,4420
2025,2020,광주,강력범죄(폭력),상해,949
2026,2020,광주,강력범죄(폭력),협박,542
2027,2020,광주,강력범죄(폭력),공갈,135
2028,2020,광주,강력범죄(폭력),약취와 유인,6
2029,2020,광주,강력범죄(폭력),체포와 감금,46
2030,2020,광주,강력범죄(폭력),폭력행위등(손괴강요주거침입등),30
2031,2020,광주,강력범죄(폭력),폭력행위등(단체등의구성 활동),8
2032,2020,광주,위조범죄,위조범죄,610
2033,2020,대전,재산범죄,절도,5317
2034,2020,대전,재산범죄,장물,5
2035,2020,대전,재산범죄,사기,10645
2036,2020,대전,재산범죄,횡령,1399
2037,2020,대전,재산범죄,배임,120
2038,2020,대전,재산범죄,손괴,1645
2039,2020,대전,강력범죄(흉악),살인,23
2040,2020,대전,강력범죄(흉악),강도,15
2041,2020,대전,강력범죄(흉악),방화,37
2042,2020,대전,강력범죄(흉악),성폭력,918
2043,2020,대전,강력범죄(폭력),폭행,4791
2044,2020,대전,강력범죄(폭력),상해,978
2045,2020,대전,강력범죄(폭력),협박,729
2046,2020,대전,강력범죄(폭력),공갈,178
2047,2020,대전,강력범죄(폭력),약취와 유인,7
2048,2020,대전,강력범죄(폭력),체포와 감금,38
2049,2020,대전,강력범죄(폭력),폭력행위등(손괴강요주거침입등),21
2050,2020,대전,강력범죄(폭력),폭력행위등(단체등의구성 활동),0
2051,2020,대전,위조범죄,위조범죄,483
2052,2020,울산,재산범죄,절도,2076
2053,2020,울산,재산범죄,장물,9
2054,2020,울산,재산범죄,사기,5245
2055,2020,울산,재산범죄,횡령,458
2056,2020,울산,재산범죄,배임,94
2057,2020,울산,재산범죄,손괴,736
2058,2020,울산,강력범죄(흉악),살인,8
2059,2020,울산,강력범죄(흉악),강도,9
2060,2020,울산,강력범죄(흉악),방화,21
2061,2020,울산,강력범죄(흉악),성폭력,319
2062,2020,울산,강력범죄(폭력),폭행,1760
2063,2020,울산,강력범죄(폭력),상해,680
2064,2020,울산,강력범죄(폭력),협박,238
2065,2020,울산,강력범죄(폭력),공갈,67
2066,2020,울산,강력범죄(폭력),약취와 유인,4
2067,2020,울산,강력범죄(폭력),체포와 감금,16
2068,2020,울산,강력범죄(폭력),폭력행위등(손괴강요주거침입등),9
2069,2020,울산,강력범죄(폭력),폭력행위등(단체등의구성 활동),1
2070,2020,울산,위조범죄,위조범죄,184
2071,2020,세종,재산범죄,절도,876
2072,2020,세종,재산범죄,장물,1
2073,2020,세종,재산범죄,사기,1537
2074,2020,세종,재산범죄,횡령,203
2075,2020,세종,재산범죄,배임,29
2076,2020,세종,재산범죄,손괴,241
2077,2020,세종,강력범죄(흉악),살인,8
2078,2020,세종,강력범죄(흉악),강도,2
2079,2020,세종,강력범죄(흉악),방화,2
2080,2020,세종,강력범죄(흉악),성폭력,106
2081,2020,세종,강력범죄(폭력),폭행,353
2082,2020,세종,강력범죄(폭력),상해,150
2083,2020,세종,강력범죄(폭력),협박,92
2084,2020,세종,강력범죄(폭력),공갈,26
2085,2020,세종,강력범죄(폭력),약취와 유인,1
2086,2020,세종,강력범죄(폭력),체포와 감금,3
2087,2020,세종,강력범죄(폭력),폭력행위등(손괴강요주거침입등),9
2088,2020,세종,강력범죄(폭력),폭력행위등(단체등의구성 활동),0
2089,2020,세종,위조범죄,위조범죄,72
2090,2020,경기,재산범죄,절도,40851
2091,2020,경기,재산범죄,장물,93
2092,2020,경기,재산범죄,사기,86768
2093,2020,경기,재산범죄,횡령,15911
2094,2020,경기,재산범죄,배임,1187
2095,2020,경기,재산범죄,손괴,15669
2096,2020,경기,강력범죄(흉악),살인,173
2097,2020,경기,강력범죄(흉악),강도,161
2098,2020,경기,강력범죄(흉악),방화,277
2099,2020,경기,강력범죄(흉악),성폭력,7179
2100,2020,경기,강력범죄(폭력),폭행,37789
2101,2020,경기,강력범죄(폭력),상해,6996
2102,2020,경기,강력범죄(폭력),협박,5958
2103,2020,경기,강력범죄(폭력),공갈,1459
2104,2020,경기,강력범죄(폭력),약취와 유인,64
2105,2020,경기,강력범죄(폭력),체포와 감금,349
2106,2020,경기,강력범죄(폭력),폭력행위등(손괴강요주거침입등),226
2107,2020,경기,강력범죄(폭력),폭력행위등(단체등의구성 활동),31
2108,2020,경기,위조범죄,위조범죄,3437
2109,2020,강원,재산범죄,절도,4342
2110,2020,강원,재산범죄,장물,13
2111,2020,강원,재산범죄,사기,9063
2112,2020,강원,재산범죄,횡령,1128
2113,2020,강원,재산범죄,배임,136
2114,2020,강원,재산범죄,손괴,1813
2115,2020,강원,강력범죄(흉악),살인,37
2116,2020,강원,강력범죄(흉악),강도,21
2117,2020,강원,강력범죄(흉악),방화,37
2118,2020,강원,강력범죄(흉악),성폭력,769
2119,2020,강원,강력범죄(폭력),폭행,3643
2120,2020,강원,강력범죄(폭력),상해,1554
2121,2020,강원,강력범죄(폭력),협박,674
2122,2020,강원,강력범죄(폭력),공갈,140
2123,2020,강원,강력범죄(폭력),약취와 유인,3
2124,2020,강원,강력범죄(폭력),체포와 감금,34
2125,2020,강원,강력범죄(폭력),폭력행위등(손괴강요주거침입등),36
2126,2020,강원,강력범죄(폭력),폭력행위등(단체등의구성 활동),1
2127,2020,강원,위조범죄,위조범죄,415
2128,2020,충북,재산범죄,절도,5715
2129,2020,충북,재산범죄,장물,7
2130,2020,충북,재산범죄,사기,10005
2131,2020,충북,재산범죄,횡령,1261
2132,2020,충북,재산범죄,배임,134
2133,2020,충북,재산범죄,손괴,1915
2134,2020,충북,강력범죄(흉악),살인,19
2135,2020,충북,강력범죄(흉악),강도,28
2136,2020,충북,강력범죄(흉악),방화,40
2137,2020,충북,강력범죄(흉악),성폭력,811
2138,2020,충북,강력범죄(폭력),폭행,3806
2139,2020,충북,강력범죄(폭력),상해,1279
2140,2020,충북,강력범죄(폭력),협박,672
2141,2020,충북,강력범죄(폭력),공갈,238
2142,2020,충북,강력범죄(폭력),약취와 유인,9
2143,2020,충북,강력범죄(폭력),체포와 감금,57
2144,2020,충북,강력범죄(폭력),폭력행위등(손괴강요주거침입등),22
2145,2020,충북,강력범죄(폭력),폭력행위등(단체등의구성 활동),14
2146,2020,충북,위조범죄,위조범죄,476
2147,2020,충남,재산범죄,절도,7659
2148,2020,충남,재산범죄,장물,16
2149,2020,충남,재산범죄,사기,13408
2150,2020,충남,재산범죄,횡령,1907
2151,2020,충남,재산범죄,배임,217
2152,2020,충남,재산범죄,손괴,2615
2153,2020,충남,강력범죄(흉악),살인,36
2154,2020,충남,강력범죄(흉악),강도,41
2155,2020,충남,강력범죄(흉악),방화,61
2156,2020,충남,강력범죄(흉악),성폭력,1044
2157,2020,충남,강력범죄(폭력),폭행,4111
2158,2020,충남,강력범죄(폭력),상해,1886
2159,2020,충남,강력범죄(폭력),협박,899
2160,2020,충남,강력범죄(폭력),공갈,238
2161,2020,충남,강력범죄(폭력),약취와 유인,9
2162,2020,충남,강력범죄(폭력),체포와 감금,78
2163,2020,충남,강력범죄(폭력),폭력행위등(손괴강요주거침입등),37
2164,2020,충남,강력범죄(폭력),폭력행위등(단체등의구성 활동),2
2165,2020,충남,위조범죄,위조범죄,646
2166,2020,전북,재산범죄,절도,5761
2167,2020,전북,재산범죄,장물,27
2168,2020,전북,재산범죄,사기,11265
2169,2020,전북,재산범죄,횡령,1297
2170,2020,전북,재산범죄,배임,160
2171,2020,전북,재산범죄,손괴,1639
2172,2020,전북,강력범죄(흉악),살인,35
2173,2020,전북,강력범죄(흉악),강도,19
2174,2020,전북,강력범죄(흉악),방화,47
2175,2020,전북,강력범죄(흉악),성폭력,873
2176,2020,전북,강력범죄(폭력),폭행,4633
2177,2020,전북,강력범죄(폭력),상해,1409
2178,2020,전북,강력범죄(폭력),협박,552
2179,2020,전북,강력범죄(폭력),공갈,236
2180,2020,전북,강력범죄(폭력),약취와 유인,4
2181,2020,전북,강력범죄(폭력),체포와 감금,45
2182,2020,전북,강력범죄(폭력),폭력행위등(손괴강요주거침입등),43
2183,2020,전북,강력범죄(폭력),폭력행위등(단체등의구성 활동),31
2184,2020,전북,위조범죄,위조범죄,583
2185,2020,전남,재산범죄,절도,5907
2186,2020,전남,재산범죄,장물,7
2187,2020,전남,재산범죄,사기,9959
2188,2020,전남,재산범죄,횡령,1718
2189,2020,전남,재산범죄,배임,189
2190,2020,전남,재산범죄,손괴,2043
2191,2020,전남,강력범죄(흉악),살인,39
2192,2020,전남,강력범죄(흉악),강도,14
2193,2020,전남,강력범죄(흉악),방화,52
2194,2020,전남,강력범죄(흉악),성폭력,875
2195,2020,전남,강력범죄(폭력),폭행,4475
2196,2020,전남,강력범죄(폭력),상해,1786
2197,2020,전남,강력범죄(폭력),협박,809
2198,2020,전남,강력범죄(폭력),공갈,218
2199,2020,전남,강력범죄(폭력),약취와 유인,12
2200,2020,전남,강력범죄(폭력),체포와 감금,50
2201,2020,전남,강력범죄(폭력),폭력행위등(손괴강요주거침입등),41
2202,2020,전남,강력범죄(폭력),폭력행위등(단체등의구성 활동),4
2203,2020,전남,위조범죄,위조범죄,521
2204,2020,경북,재산범죄,절도,8961
2205,2020,경북,재산범죄,장물,22
2206,2020,경북,재산범죄,사기,16678
2207,2020,경북,재산범죄,횡령,1802
2208,2020,경북,재산범죄,배임,181
2209,2020,경북,재산범죄,손괴,2996
2210,2020,경북,강력범죄(흉악),살인,31
2211,2020,경북,강력범죄(흉악),강도,20
2212,2020,경북,강력범죄(흉악),방화,85
2213,2020,경북,강력범죄(흉악),성폭력,1079
2214,2020,경북,강력범죄(폭력),폭행,5987
2215,2020,경북,강력범죄(폭력),상해,2497
2216,2020,경북,강력범죄(폭력),협박,966
2217,2020,경북,강력범죄(폭력),공갈,289
2218,2020,경북,강력범죄(폭력),약취와 유인,6
2219,2020,경북,강력범죄(폭력),체포와 감금,74
2220,2020,경북,강력범죄(폭력),폭력행위등(손괴강요주거침입등),63
2221,2020,경북,강력범죄(폭력),폭력행위등(단체등의구성 활동),13
2222,2020,경북,위조범죄,위조범죄,647
2223,2020,경남,재산범죄,절도,13771
2224,2020,경남,재산범죄,장물,47
2225,2020,경남,재산범죄,사기,27268
2226,2020,경남,재산범죄,횡령,3102
2227,2020,경남,재산범죄,배임,392
2228,2020,경남,재산범죄,손괴,3961
2229,2020,경남,강력범죄(흉악),살인,68
2230,2020,경남,강력범죄(흉악),강도,51
2231,2020,경남,강력범죄(흉악),방화,88
2232,2020,경남,강력범죄(흉악),성폭력,1634
2233,2020,경남,강력범죄(폭력),폭행,9222
2234,2020,경남,강력범죄(폭력),상해,3697
2235,2020,경남,강력범죄(폭력),협박,1358
2236,2020,경남,강력범죄(폭력),공갈,505
2237,2020,경남,강력범죄(폭력),약취와 유인,12
2238,2020,경남,강력범죄(폭력),체포와 감금,110
2239,2020,경남,강력범죄(폭력),폭력행위등(손괴강요주거침입등),86
2240,2020,경남,강력범죄(폭력),폭력행위등(단체등의구성 활동),4
2241,2020,경남,위조범죄,위조범죄,1122
2242,2020,제주,재산범죄,절도,3425
2243,2020,제주,재산범죄,장물,3
2244,2020,제주,재산범죄,사기,5392
2245,2020,제주,재산범죄,횡령,879
2246,2020,제주,재산범죄,배임,89
2247,2020,제주,재산범죄,손괴,1288
2248,2020,제주,강력범죄(흉악),살인,17
2249,2020,제주,강력범죄(흉악),강도,14
2250,2020,제주,강력범죄(흉악),방화,26
2251,2020,제주,강력범죄(흉악),성폭력,502
2252,2020,제주,강력범죄(폭력),폭행,2638
2253,2020,제주,강력범죄(폭력),상해,812
2254,2020,제주,강력범죄(폭력),협박,485
2255,2020,제주,강력범죄(폭력),공갈,99
2256,2020,제주,강력범죄(폭력),약취와 유인,5
2257,2020,제주,강력범죄(폭력),체포와 감금,21
2258,2020,제주,강력범죄(폭력),폭력행위등(손괴강요주거침입등),23
2259,2020,제주,강력범죄(폭력),폭력행위등(단체등의구성 활동),1
2260,2020,제주,위조범죄,위조범죄,223
2261,2021,서울,재산범죄,절도,33639
2262,2021,서울,재산범죄,장물,39
2263,2021,서울,재산범죄,사기,52627
2264,2021,서울,재산범죄,횡령,13728
2265,2021,서울,재산범죄,배임,1068
2266,2021,서울,재산범죄,손괴,9413
2267,2021,서울,강력범죄(흉악),살인,130
2268,2021,서울,강력범죄(흉악),강도,125
2269,2021,서울,강력범죄(흉악),방화,187
2270,2021,서울,강력범죄(흉악),성폭력,8459
2271,2021,서울,강력범죄(폭력),폭행,24030
2272,2021,서울,강력범죄(폭력),상해,3413
2273,2021,서울,강력범죄(폭력),협박,3889
2274,2021,서울,강력범죄(폭력),공갈,1015
2275,2021,서울,강력범죄(폭력),약취와 유인,56
2276,2021,서울,강력범죄(폭력),체포와 감금,276
2277,2021,서울,강력범죄(폭력),폭력행위등(손괴강요주거침입등),210
2278,2021,서울,강력범죄(폭력),폭력행위등(단체등의구성 활동),11
2279,2021,서울,위조범죄,위조범죄,2732
2280,2021,부산,재산범죄,절도,12748
2281,2021,부산,재산범죄,장물,74
2282,2021,부산,재산범죄,사기,26364
2283,2021,부산,재산범죄,횡령,3560
2284,2021,부산,재산범죄,배임,545
2285,2021,부산,재산범죄,손괴,3525
2286,2021,부산,강력범죄(흉악),살인,48
2287,2021,부산,강력범죄(흉악),강도,51
2288,2021,부산,강력범죄(흉악),방화,52
2289,2021,부산,강력범죄(흉악),성폭력,2185
2290,2021,부산,강력범죄(폭력),폭행,7972
2291,2021,부산,강력범죄(폭력),상해,2855
2292,2021,부산,강력범죄(폭력),협박,1414
2293,2021,부산,강력범죄(폭력),공갈,373
2294,2021,부산,강력범죄(폭력),약취와 유인,12
2295,2021,부산,강력범죄(폭력),체포와 감금,90
2296,2021,부산,강력범죄(폭력),폭력행위등(손괴강요주거침입등),73
2297,2021,부산,강력범죄(폭력),폭력행위등(단체등의구성 활동),4
2298,2021,부산,위조범죄,위조범죄,995
2299,2021,대구,재산범죄,절도,9309
2300,2021,대구,재산범죄,장물,7
2301,2021,대구,재산범죄,사기,15393
2302,2021,대구,재산범죄,횡령,2352
2303,2021,대구,재산범죄,배임,149
2304,2021,대구,재산범죄,손괴,2587
2305,2021,대구,강력범죄(흉악),살인,27
2306,2021,대구,강력범죄(흉악),강도,23
2307,2021,대구,강력범죄(흉악),방화,55
2308,2021,대구,강력범죄(흉악),성폭력,1291
2309,2021,대구,강력범죄(폭력),폭행,5492
2310,2021,대구,강력범죄(폭력),상해,1797
2311,2021,대구,강력범죄(폭력),협박,933
2312,2021,대구,강력범죄(폭력),공갈,188
2313,2021,대구,강력범죄(폭력),약취와 유인,6
2314,2021,대구,강력범죄(폭력),체포와 감금,54
2315,2021,대구,강력범죄(폭력),폭력행위등(손괴강요주거침입등),44
2316,2021,대구,강력범죄(폭력),폭력행위등(단체등의구성 활동),4
2317,2021,대구,위조범죄,위조범죄,625
2318,2021,인천,재산범죄,절도,8183
2319,2021,인천,재산범죄,장물,20
2320,2021,인천,재산범죄,사기,15390
2321,2021,인천,재산범죄,횡령,3710
2322,2021,인천,재산범죄,배임,203
2323,2021,인천,재산범죄,손괴,3132
2324,2021,인천,강력범죄(흉악),살인,46
2325,2021,인천,강력범죄(흉악),강도,34
2326,2021,인천,강력범죄(흉악),방화,54
2327,2021,인천,강력범죄(흉악),성폭력,2213
2328,2021,인천,강력범죄(폭력),폭행,8085
2329,2021,인천,강력범죄(폭력),상해,1828
2330,2021,인천,강력범죄(폭력),협박,1321
2331,2021,인천,강력범죄(폭력),공갈,521
2332,2021,인천,강력범죄(폭력),약취와 유인,18
2333,2021,인천,강력범죄(폭력),체포와 감금,114
2334,2021,인천,강력범죄(폭력),폭력행위등(손괴강요주거침입등),85
2335,2021,인천,강력범죄(폭력),폭력행위등(단체등의구성 활동),5
2336,2021,인천,위조범죄,위조범죄,650
2337,2021,광주,재산범죄,절도,4945
2338,2021,광주,재산범죄,장물,6
2339,2021,광주,재산범죄,사기,7943
2340,2021,광주,재산범죄,횡령,1606
2341,2021,광주,재산범죄,배임,133
2342,2021,광주,재산범죄,손괴,1498
2343,2021,광주,강력범죄(흉악),살인,13
2344,2021,광주,강력범죄(흉악),강도,16
2345,2021,광주,강력범죄(흉악),방화,21
2346,2021,광주,강력범죄(흉악),성폭력,859
2347,2021,광주,강력범죄(폭력),폭행,3714
2348,2021,광주,강력범죄(폭력),상해,843
2349,2021,광주,강력범죄(폭력),협박,489
2350,2021,광주,강력범죄(폭력),공갈,128
2351,2021,광주,강력범죄(폭력),약취와 유인,9
2352,2021,광주,강력범죄(폭력),체포와 감금,65
2353,2021,광주,강력범죄(폭력),폭력행위등(손괴강요주거침입등),39
2354,2021,광주,강력범죄(폭력),폭력행위등(단체등의구성 활동),6
2355,2021,광주,위조범죄,위조범죄,422
2356,2021,대전,재산범죄,절도,5081
2357,2021,대전,재산범죄,장물,6
2358,2021,대전,재산범죄,사기,9321
2359,2021,대전,재산범죄,횡령,1295
2360,2021,대전,재산범죄,배임,131
2361,2021,대전,재산범죄,손괴,1570
2362,2021,대전,강력범죄(흉악),살인,19
2363,2021,대전,강력범죄(흉악),강도,10
2364,2021,대전,강력범죄(흉악),방화,40
2365,2021,대전,강력범죄(흉악),성폭력,1020
2366,2021,대전,강력범죄(폭력),폭행,3895
2367,2021,대전,강력범죄(폭력),상해,885
2368,2021,대전,강력범죄(폭력),협박,642
2369,2021,대전,강력범죄(폭력),공갈,170
2370,2021,대전,강력범죄(폭력),약취와 유인,9
2371,2021,대전,강력범죄(폭력),체포와 감금,39
2372,2021,대전,강력범죄(폭력),폭력행위등(손괴강요주거침입등),26
2373,2021,대전,강력범죄(폭력),폭력행위등(단체등의구성 활동),1
2374,2021,대전,위조범죄,위조범죄,349
2375,2021,울산,재산범죄,절도,2103
2376,2021,울산,재산범죄,장물,5
2377,2021,울산,재산범죄,사기,4288
2378,2021,울산,재산범죄,횡령,466
2379,2021,울산,재산범죄,배임,63
2380,2021,울산,재산범죄,손괴,714
2381,2021,울산,강력범죄(흉악),살인,8
2382,2021,울산,강력범죄(흉악),강도,5
2383,2021,울산,강력범죄(흉악),방화,20
2384,2021,울산,강력범죄(흉악),성폭력,366
2385,2021,울산,강력범죄(폭력),폭행,1636
2386,2021,울산,강력범죄(폭력),상해,608
2387,2021,울산,강력범죄(폭력),협박,267
2388,2021,울산,강력범죄(폭력),공갈,51
2389,2021,울산,강력범죄(폭력),약취와 유인,3
2390,2021,울산,강력범죄(폭력),체포와 감금,15
2391,2021,울산,강력범죄(폭력),폭력행위등(손괴강요주거침입등),27
2392,2021,울산,강력범죄(폭력),폭력행위등(단체등의구성 활동),1
2393,2021,울산,위조범죄,위조범죄,290
2394,2021,세종,재산범죄,절도,1043
2395,2021,세종,재산범죄,장물,1
2396,2021,세종,재산범죄,사기,1119
2397,2021,세종,재산범죄,횡령,185
2398,2021,세종,재산범죄,배임,24
2399,2021,세종,재산범죄,손괴,246
2400,2021,세종,강력범죄(흉악),살인,4
2401,2021,세종,강력범죄(흉악),강도,1
2402,2021,세종,강력범죄(흉악),방화,2
2403,2021,세종,강력범죄(흉악),성폭력,139
2404,2021,세종,강력범죄(폭력),폭행,320
2405,2021,세종,강력범죄(폭력),상해,147
2406,2021,세종,강력범죄(폭력),협박,110
2407,2021,세종,강력범죄(폭력),공갈,31
2408,2021,세종,강력범죄(폭력),약취와 유인,3
2409,2021,세종,강력범죄(폭력),체포와 감금,5
2410,2021,세종,강력범죄(폭력),폭력행위등(손괴강요주거침입등),4
2411,2021,세종,강력범죄(폭력),폭력행위등(단체등의구성 활동),0
2412,2021,세종,위조범죄,위조범죄,43
2413,2021,경기,재산범죄,절도,37403
2414,2021,경기,재산범죄,장물,66
2415,2021,경기,재산범죄,사기,75380
2416,2021,경기,재산범죄,횡령,13914
2417,2021,경기,재산범죄,배임,899
2418,2021,경기,재산범죄,손괴,14404
2419,2021,경기,강력범죄(흉악),살인,159
2420,2021,경기,강력범죄(흉악),강도,90
2421,2021,경기,강력범죄(흉악),방화,242
2422,2021,경기,강력범죄(흉악),성폭력,7826
2423,2021,경기,강력범죄(폭력),폭행,31916
2424,2021,경기,강력범죄(폭력),상해,5738
2425,2021,경기,강력범죄(폭력),협박,6093
2426,2021,경기,강력범죄(폭력),공갈,1434
2427,2021,경기,강력범죄(폭력),약취와 유인,70
2428,2021,경기,강력범죄(폭력),체포와 감금,317
2429,2021,경기,강력범죄(폭력),폭력행위등(손괴강요주거침입등),309
2430,2021,경기,강력범죄(폭력),폭력행위등(단체등의구성 활동),27
2431,2021,경기,위조범죄,위조범죄,3050
2432,2021,강원,재산범죄,절도,4202
2433,2021,강원,재산범죄,장물,10
2434,2021,강원,재산범죄,사기,7745
2435,2021,강원,재산범죄,횡령,918
2436,2021,강원,재산범죄,배임,90
2437,2021,강원,재산범죄,손괴,1718
2438,2021,강원,강력범죄(흉악),살인,15
2439,2021,강원,강력범죄(흉악),강도,11
2440,2021,강원,강력범죄(흉악),방화,38
2441,2021,강원,강력범죄(흉악),성폭력,783
2442,2021,강원,강력범죄(폭력),폭행,3294
2443,2021,강원,강력범죄(폭력),상해,1232
2444,2021,강원,강력범죄(폭력),협박,671
2445,2021,강원,강력범죄(폭력),공갈,147
2446,2021,강원,강력범죄(폭력),약취와 유인,5
2447,2021,강원,강력범죄(폭력),체포와 감금,47
2448,2021,강원,강력범죄(폭력),폭력행위등(손괴강요주거침입등),30
2449,2021,강원,강력범죄(폭력),폭력행위등(단체등의구성 활동),1
2450,2021,강원,위조범죄,위조범죄,343
2451,2021,충북,재산범죄,절도,5270
2452,2021,충북,재산범죄,장물,11
2453,2021,충북,재산범죄,사기,9433
2454,2021,충북,재산범죄,횡령,1111
2455,2021,충북,재산범죄,배임,82
2456,2021,충북,재산범죄,손괴,1850
2457,2021,충북,강력범죄(흉악),살인,19
2458,2021,충북,강력범죄(흉악),강도,12
2459,2021,충북,강력범죄(흉악),방화,32
2460,2021,충북,강력범죄(흉악),성폭력,831
2461,2021,충북,강력범죄(폭력),폭행,3163
2462,2021,충북,강력범죄(폭력),상해,1292
2463,2021,충북,강력범죄(폭력),협박,546
2464,2021,충북,강력범죄(폭력),공갈,158
2465,2021,충북,강력범죄(폭력),약취와 유인,8
2466,2021,충북,강력범죄(폭력),체포와 감금,42
2467,2021,충북,강력범죄(폭력),폭력행위등(손괴강요주거침입등),46
2468,2021,충북,강력범죄(폭력),폭력행위등(단체등의구성 활동),28
2469,2021,충북,위조범죄,위조범죄,415
2470,2021,충남,재산범죄,절도,7149
2471,2021,충남,재산범죄,장물,14
2472,2021,충남,재산범죄,사기,10731
2473,2021,충남,재산범죄,횡령,1563
2474,2021,충남,재산범죄,배임,150
2475,2021,충남,재산범죄,손괴,2336
2476,2021,충남,강력범죄(흉악),살인,34
2477,2021,충남,강력범죄(흉악),강도,25
2478,2021,충남,강력범죄(흉악),방화,65
2479,2021,충남,강력범죄(흉악),성폭력,1178
2480,2021,충남,강력범죄(폭력),폭행,3508
2481,2021,충남,강력범죄(폭력),상해,1546
2482,2021,충남,강력범죄(폭력),협박,844
2483,2021,충남,강력범죄(폭력),공갈,267
2484,2021,충남,강력범죄(폭력),약취와 유인,10
2485,2021,충남,강력범죄(폭력),체포와 감금,54
2486,2021,충남,강력범죄(폭력),폭력행위등(손괴강요주거침입등),49
2487,2021,충남,강력범죄(폭력),폭력행위등(단체등의구성 활동),18
2488,2021,충남,위조범죄,위조범죄,507
2489,2021,전북,재산범죄,절도,5612
2490,2021,전북,재산범죄,장물,5
2491,2021,전북,재산범죄,사기,10524
2492,2021,전북,재산범죄,횡령,1109
2493,2021,전북,재산범죄,배임,121
2494,2021,전북,재산범죄,손괴,1709
2495,2021,전북,강력범죄(흉악),살인,27
2496,2021,전북,강력범죄(흉악),강도,21
2497,2021,전북,강력범죄(흉악),방화,35
2498,2021,전북,강력범죄(흉악),성폭력,926
2499,2021,전북,강력범죄(폭력),폭행,3792
2500,2021,전북,강력범죄(폭력),상해,1070
2501,2021,전북,강력범죄(폭력),협박,605
2502,2021,전북,강력범죄(폭력),공갈,169
2503,2021,전북,강력범죄(폭력),약취와 유인,3
2504,2021,전북,강력범죄(폭력),체포와 감금,57
2505,2021,전북,강력범죄(폭력),폭력행위등(손괴강요주거침입등),45
2506,2021,전북,강력범죄(폭력),폭력행위등(단체등의구성 활동),13
2507,2021,전북,위조범죄,위조범죄,682
2508,2021,전남,재산범죄,절도,5786
2509,2021,전남,재산범죄,장물,8
2510,2021,전남,재산범죄,사기,9374
2511,2021,전남,재산범죄,횡령,1309
2512,2021,전남,재산범죄,배임,139
2513,2021,전남,재산범죄,손괴,2049
2514,2021,전남,강력범죄(흉악),살인,37
2515,2021,전남,강력범죄(흉악),강도,12
2516,2021,전남,강력범죄(흉악),방화,47
2517,2021,전남,강력범죄(흉악),성폭력,1067
2518,2021,전남,강력범죄(폭력),폭행,4003
2519,2021,전남,강력범죄(폭력),상해,1630
2520,2021,전남,강력범죄(폭력),협박,854
2521,2021,전남,강력범죄(폭력),공갈,175
2522,2021,전남,강력범죄(폭력),약취와 유인,5
2523,2021,전남,강력범죄(폭력),체포와 감금,48
2524,2021,전남,강력범죄(폭력),폭력행위등(손괴강요주거침입등),50
2525,2021,전남,강력범죄(폭력),폭력행위등(단체등의구성 활동),5
2526,2021,전남,위조범죄,위조범죄,471
2527,2021,경북,재산범죄,절도,8616
2528,2021,경북,재산범죄,장물,7
2529,2021,경북,재산범죄,사기,13688
2530,2021,경북,재산범죄,횡령,1506
2531,2021,경북,재산범죄,배임,150
2532,2021,경북,재산범죄,손괴,2814
2533,2021,경북,강력범죄(흉악),살인,32
2534,2021,경북,강력범죄(흉악),강도,22
2535,2021,경북,강력범죄(흉악),방화,44
2536,2021,경북,강력범죄(흉악),성폭력,1346
2537,2021,경북,강력범죄(폭력),폭행,4422
2538,2021,경북,강력범죄(폭력),상해,2174
2539,2021,경북,강력범죄(폭력),협박,847
2540,2021,경북,강력범죄(폭력),공갈,270
2541,2021,경북,강력범죄(폭력),약취와 유인,20
2542,2021,경북,강력범죄(폭력),체포와 감금,60
2543,2021,경북,강력범죄(폭력),폭력행위등(손괴강요주거침입등),69
2544,2021,경북,강력범죄(폭력),폭력행위등(단체등의구성 활동),7
2545,2021,경북,위조범죄,위조범죄,624
2546,2021,경남,재산범죄,절도,12638
2547,2021,경남,재산범죄,장물,14
2548,2021,경남,재산범죄,사기,23892
2549,2021,경남,재산범죄,횡령,2400
2550,2021,경남,재산범죄,배임,276
2551,2021,경남,재산범죄,손괴,3585
2552,2021,경남,강력범죄(흉악),살인,55
2553,2021,경남,강력범죄(흉악),강도,40
2554,2021,경남,강력범죄(흉악),방화,76
2555,2021,경남,강력범죄(흉악),성폭력,1843
2556,2021,경남,강력범죄(폭력),폭행,7775
2557,2021,경남,강력범죄(폭력),상해,3091
2558,2021,경남,강력범죄(폭력),협박,1451
2559,2021,경남,강력범죄(폭력),공갈,393
2560,2021,경남,강력범죄(폭력),약취와 유인,10
2561,2021,경남,강력범죄(폭력),체포와 감금,101
2562,2021,경남,강력범죄(폭력),폭력행위등(손괴강요주거침입등),75
2563,2021,경남,강력범죄(폭력),폭력행위등(단체등의구성 활동),2
2564,2021,경남,위조범죄,위조범죄,1133
2565,2021,제주,재산범죄,절도,3055
2566,2021,제주,재산범죄,장물,9
2567,2021,제주,재산범죄,사기,4769
2568,2021,제주,재산범죄,횡령,856
2569,2021,제주,재산범죄,배임,59
2570,2021,제주,재산범죄,손괴,1247
2571,2021,제주,강력범죄(흉악),살인,19
2572,2021,제주,강력범죄(흉악),강도,13
2573,2021,제주,강력범죄(흉악),방화,15
2574,2021,제주,강력범죄(흉악),성폭력,566
2575,2021,제주,강력범죄(폭력),폭행,2498
2576,2021,제주,강력범죄(폭력),상해,713
2577,2021,제주,강력범죄(폭력),협박,526
2578,2021,제주,강력범죄(폭력),공갈,97
2579,2021,제주,강력범죄(폭력),약취와 유인,4
2580,2021,제주,강력범죄(폭력),체포와 감금,17
2581,2021,제주,강력범죄(폭력),폭력행위등(손괴강요주거침입등),28
2582,2021,제주,강력범죄(폭력),폭력행위등(단체등의구성 활동),0
2583,2021,제주,위조범죄,위조범죄,187
