area_name,city_name,facility_type,facility_count
강원,강릉시,숙박,61
강원,강릉시,관광지,126
강원,강릉시,여행코스,8
강원,강릉시,문화시설,24
강원,강릉시,레포츠,63
강원,강릉시,음식점,367
강원,강릉시,쇼핑,89
강원,고성군,레포츠,32
강원,고성군,쇼핑,5
강원,고성군,숙박,17
강원,고성군,관광지,85
강원,고성군,여행코스,4
강원,고성군,문화시설,9
강원,고성군,음식점,56
강원,동해시,음식점,32
강원,동해시,쇼핑,9
강원,동해시,숙박,18
강원,동해시,관광지,49
강원,동해시,여행코스,5
강원,동해시,문화시설,1
강원,동해시,레포츠,11
강원,삼척시,쇼핑,6
강원,삼척시,숙박,19
강원,삼척시,관광지,103
강원,삼척시,여행코스,5
강원,삼척시,문화시설,8
강원,삼척시,레포츠,31
강원,삼척시,음식점,41
강원,속초시,쇼핑,15
강원,속초시,음식점,130
강원,속초시,여행코스,3
강원,속초시,숙박,53
강원,속초시,관광지,63
강원,속초시,문화시설,13
강원,속초시,레포츠,17
강원,양구군,쇼핑,2
강원,양구군,여행코스,2
강원,양구군,숙박,7
강원,양구군,관광지,48
강원,양구군,음식점,19
강원,양구군,문화시설,7
강원,양구군,레포츠,18
강원,양양군,쇼핑,2
강원,양양군,숙박,50
강원,양양군,관광지,112
강원,양양군,음식점,64
강원,양양군,레포츠,59
강원,양양군,문화시설,3
강원,양양군,여행코스,3
강원,영월군,관광지,77
강원,영월군,문화시설,22
강원,영월군,레포츠,126
강원,영월군,쇼핑,5
강원,영월군,음식점,38
강원,영월군,숙박,19
강원,원주시,음식점,138
강원,원주시,쇼핑,75
강원,원주시,숙박,17
강원,원주시,여행코스,1
강원,원주시,관광지,86
강원,원주시,레포츠,64
강원,원주시,문화시설,15
강원,인제군,레포츠,48
강원,인제군,쇼핑,1
강원,인제군,숙박,20
강원,인제군,관광지,62
강원,인제군,음식점,26
강원,인제군,여행코스,3
강원,인제군,문화시설,10
강원,정선군,숙박,36
강원,정선군,문화시설,7
강원,정선군,관광지,58
강원,정선군,쇼핑,7
강원,정선군,음식점,32
강원,정선군,레포츠,37
강원,철원군,관광지,68
강원,철원군,여행코스,4
강원,철원군,음식점,55
강원,철원군,문화시설,1
강원,철원군,레포츠,36
강원,철원군,쇼핑,4
강원,철원군,숙박,21
강원,춘천시,문화시설,28
강원,춘천시,여행코스,2
강원,춘천시,레포츠,63
강원,춘천시,숙박,30
강원,춘천시,음식점,168
강원,춘천시,관광지,103
강원,춘천시,쇼핑,39
강원,태백시,숙박,6
강원,태백시,여행코스,1
강원,태백시,관광지,47
강원,태백시,음식점,18
강원,태백시,문화시설,6
강원,태백시,레포츠,13
강원,태백시,쇼핑,5
강원,평창군,숙박,177
강원,평창군,여행코스,1
강원,평창군,음식점,416
강원,평창군,관광지,133
강원,평창군,쇼핑,6
강원,평창군,문화시설,16
강원,평창군,레포츠,78
강원,홍천군,관광지,52
강원,홍천군,숙박,39
강원,홍천군,쇼핑,3
강원,홍천군,여행코스,1
강원,홍천군,음식점,45
강원,홍천군,레포츠,95
강원,홍천군,문화시설,5
강원,화천군,레포츠,23
강원,화천군,숙박,20
강원,화천군,관광지,62
강원,화천군,쇼핑,3
강원,화천군,문화시설,7
강원,화천군,여행코스,5
강원,화천군,음식점,18
강원,횡성군,숙박,15
강원,횡성군,관광지,36
강원,횡성군,여행코스,1
강원,횡성군,음식점,71
강원,횡성군,쇼핑,4
강원,횡성군,문화시설,9
강원,횡성군,레포츠,52
경기,가평군,여행코스,6
경기,가평군,숙박,27
경기,가평군,관광지,80
경기,가평군,음식점,147
경기,가평군,문화시설,10
경기,가평군,레포츠,198
경기,가평군,쇼핑,5
경기,고양시,문화시설,20
경기,고양시,레포츠,28
경기,고양시,숙박,12
경기,고양시,여행코스,1
경기,고양시,관광지,71
경기,고양시,쇼핑,194
경기,고양시,음식점,317
경기,과천시,음식점,28
경기,과천시,관광지,17
경기,과천시,문화시설,11
경기,과천시,레포츠,4
경기,과천시,쇼핑,3
경기,광명시,숙박,2
경기,광명시,관광지,10
경기,광명시,여행코스,3
경기,광명시,음식점,37
경기,광명시,문화시설,6
경기,광명시,쇼핑,81
경기,광명시,레포츠,4
경기,광주시,레포츠,25
경기,광주시,문화시설,10
경기,광주시,쇼핑,5
경기,광주시,숙박,3
경기,광주시,관광지,57
경기,광주시,음식점,189
경기,구리시,쇼핑,20
경기,구리시,숙박,3
경기,구리시,관광지,15
경기,구리시,문화시설,2
경기,구리시,레포츠,5
경기,구리시,음식점,52
경기,군포시,관광지,15
경기,군포시,음식점,15
경기,군포시,문화시설,2
경기,군포시,레포츠,4
경기,군포시,쇼핑,9
경기,김포시,문화시설,16
경기,김포시,쇼핑,218
경기,김포시,여행코스,1
경기,김포시,레포츠,25
경기,김포시,숙박,15
경기,김포시,관광지,38
경기,김포시,음식점,140
경기,남양주시,쇼핑,16
경기,남양주시,숙박,2
경기,남양주시,관광지,54
경기,남양주시,음식점,192
경기,남양주시,여행코스,5
경기,남양주시,문화시설,14
경기,남양주시,레포츠,38
경기,동두천시,음식점,24
경기,동두천시,쇼핑,6
경기,동두천시,여행코스,1
경기,동두천시,관광지,9
경기,동두천시,문화시설,5
경기,동두천시,레포츠,13
경기,동두천시,숙박,4
경기,부천시,쇼핑,78
경기,부천시,문화시설,14
경기,부천시,여행코스,2
경기,부천시,관광지,27
경기,부천시,음식점,101
경기,부천시,레포츠,4
경기,부천시,숙박,8
경기,성남시,쇼핑,102
경기,성남시,음식점,224
경기,성남시,문화시설,21
경기,성남시,숙박,4
경기,성남시,관광지,47
경기,성남시,레포츠,17
경기,수원시,숙박,40
경기,수원시,관광지,67
경기,수원시,여행코스,1
경기,수원시,음식점,237
경기,수원시,문화시설,30
경기,수원시,쇼핑,267
경기,수원시,레포츠,12
경기,시흥시,레포츠,21
경기,시흥시,문화시설,7
경기,시흥시,쇼핑,101
경기,시흥시,음식점,110
경기,시흥시,숙박,12
경기,시흥시,관광지,41
경기,안산시,여행코스,1
경기,안산시,음식점,99
경기,안산시,관광지,63
경기,안산시,문화시설,13
경기,안산시,레포츠,38
경기,안산시,쇼핑,118
경기,안산시,숙박,12
경기,안성시,문화시설,14
경기,안성시,레포츠,44
경기,안성시,관광지,85
경기,안성시,쇼핑,5
경기,안성시,음식점,91
경기,안성시,숙박,5
경기,안성시,여행코스,2
경기,안양시,음식점,80
경기,안양시,쇼핑,91
경기,안양시,숙박,5
경기,안양시,관광지,26
경기,안양시,문화시설,3
경기,안양시,레포츠,8
경기,양주시,여행코스,1
경기,양주시,레포츠,41
경기,양주시,문화시설,10
경기,양주시,숙박,1
경기,양주시,관광지,43
경기,양주시,음식점,84
경기,양주시,쇼핑,6
경기,양평군,관광지,90
경기,양평군,문화시설,15
경기,양평군,쇼핑,7
경기,양평군,음식점,97
경기,양평군,레포츠,68
경기,양평군,숙박,63
경기,양평군,여행코스,2
경기,여주시,여행코스,2
경기,여주시,숙박,4
경기,여주시,관광지,42
경기,여주시,음식점,85
경기,여주시,레포츠,44
경기,여주시,문화시설,14
경기,여주시,쇼핑,139
경기,연천군,레포츠,41
경기,연천군,문화시설,4
경기,연천군,쇼핑,2
경기,연천군,숙박,7
경기,연천군,여행코스,8
경기,연천군,음식점,18
경기,연천군,관광지,55
경기,오산시,레포츠,5
경기,오산시,숙박,3
경기,오산시,관광지,19
경기,오산시,음식점,41
경기,오산시,쇼핑,4
경기,오산시,문화시설,7
경기,용인시,숙박,19
경기,용인시,관광지,82
경기,용인시,여행코스,1
경기,용인시,음식점,294
경기,용인시,레포츠,103
경기,용인시,문화시설,29
경기,용인시,쇼핑,174
경기,의왕시,숙박,1
경기,의왕시,관광지,19
경기,의왕시,음식점,83
경기,의왕시,문화시설,2
경기,의왕시,레포츠,6
경기,의왕시,쇼핑,6
경기,의정부시,문화시설,4
경기,의정부시,레포츠,4
경기,의정부시,음식점,40
경기,의정부시,쇼핑,27
경기,의정부시,관광지,12
경기,이천시,숙박,5
경기,이천시,관광지,47
경기,이천시,여행코스,1
경기,이천시,음식점,87
경기,이천시,문화시설,7
경기,이천시,레포츠,29
경기,이천시,쇼핑,154
경기,파주시,여행코스,5
경기,파주시,관광지,99
경기,파주시,음식점,216
경기,파주시,쇼핑,331
경기,파주시,문화시설,44
경기,파주시,레포츠,65
경기,파주시,숙박,24
경기,평택시,관광지,44
경기,평택시,레포츠,9
경기,평택시,문화시설,9
경기,평택시,숙박,11
경기,평택시,음식점,298
경기,평택시,쇼핑,11
경기,포천시,음식점,95
경기,포천시,문화시설,8
경기,포천시,레포츠,143
경기,포천시,쇼핑,7
경기,포천시,숙박,33
경기,포천시,관광지,73
경기,포천시,여행코스,2
경기,하남시,쇼핑,99
경기,하남시,레포츠,4
경기,하남시,문화시설,3
경기,하남시,관광지,23
경기,하남시,음식점,125
경기,화성시,관광지,107
경기,화성시,음식점,155
경기,화성시,문화시설,10
경기,화성시,레포츠,47
경기,화성시,쇼핑,24
경기,화성시,숙박,18
경기,화성시,여행코스,4
경남,거제시,쇼핑,9
경남,거제시,여행코스,5
경남,거제시,음식점,277
경남,거제시,문화시설,12
경남,거제시,레포츠,22
경남,거제시,숙박,47
경남,거제시,관광지,144
경남,거창군,레포츠,20
경남,거창군,쇼핑,1
경남,거창군,여행코스,1
경남,거창군,숙박,3
경남,거창군,관광지,82
경남,거창군,문화시설,6
경남,거창군,음식점,42
경남,고성군,여행코스,2
경남,고성군,숙박,17
경남,고성군,레포츠,23
경남,고성군,관광지,54
경남,고성군,쇼핑,2
경남,고성군,문화시설,9
경남,고성군,음식점,27
경남,김해시,숙박,6
경남,김해시,관광지,63
경남,김해시,레포츠,9
경남,김해시,음식점,68
경남,김해시,문화시설,13
경남,김해시,쇼핑,165
경남,김해시,여행코스,4
경남,남해군,레포츠,31
경남,남해군,문화시설,10
경남,남해군,숙박,23
경남,남해군,관광지,79
경남,남해군,쇼핑,5
경남,남해군,음식점,60
경남,남해군,여행코스,6
경남,밀양시,쇼핑,8
경남,밀양시,여행코스,4
경남,밀양시,숙박,5
경남,밀양시,관광지,80
경남,밀양시,음식점,36
경남,밀양시,문화시설,11
경남,밀양시,레포츠,49
경남,사천시,쇼핑,9
경남,사천시,숙박,3
경남,사천시,관광지,57
경남,사천시,음식점,34
경남,사천시,여행코스,2
경남,사천시,문화시설,6
경남,사천시,레포츠,15
경남,산청군,관광지,88
경남,산청군,쇼핑,4
경남,산청군,음식점,28
경남,산청군,문화시설,6
경남,산청군,여행코스,1
경남,산청군,레포츠,42
경남,산청군,숙박,9
경남,양산시,숙박,10
경남,양산시,관광지,48
경남,양산시,음식점,63
경남,양산시,레포츠,19
경남,양산시,문화시설,7
경남,양산시,쇼핑,11
경남,양산시,여행코스,2
경남,의령군,문화시설,2
경남,의령군,레포츠,6
경남,의령군,음식점,22
경남,의령군,쇼핑,1
경남,의령군,숙박,1
경남,의령군,관광지,25
경남,의령군,여행코스,1
경남,진주시,쇼핑,22
경남,진주시,숙박,10
경남,진주시,관광지,51
경남,진주시,음식점,56
경남,진주시,여행코스,1
경남,진주시,문화시설,12
경남,진주시,레포츠,8
경남,창녕군,음식점,26
경남,창녕군,문화시설,5
경남,창녕군,레포츠,9
경남,창녕군,쇼핑,2
경남,창녕군,숙박,6
경남,창녕군,관광지,41
경남,창녕군,여행코스,4
경남,창원시,숙박,23
경남,창원시,관광지,145
경남,창원시,여행코스,1
경남,창원시,레포츠,19
경남,창원시,음식점,190
경남,창원시,문화시설,27
경남,창원시,쇼핑,85
경남,통영시,관광지,116
경남,통영시,레포츠,35
경남,통영시,음식점,190
경남,통영시,문화시설,12
경남,통영시,쇼핑,11
경남,통영시,숙박,146
경남,하동군,음식점,44
경남,하동군,문화시설,10
경남,하동군,레포츠,30
경남,하동군,쇼핑,11
경남,하동군,여행코스,3
경남,하동군,관광지,103
경남,하동군,숙박,8
경남,함안군,관광지,41
경남,함안군,음식점,24
경남,함안군,문화시설,5
경남,함안군,레포츠,3
경남,함양군,문화시설,2
경남,함양군,음식점,31
경남,함양군,레포츠,28
경남,함양군,쇼핑,5
경남,함양군,숙박,6
경남,함양군,관광지,56
경남,함양군,여행코스,2
경남,합천군,쇼핑,1
경남,합천군,숙박,8
경남,합천군,관광지,62
경남,합천군,문화시설,2
경남,합천군,레포츠,30
경남,합천군,음식점,52
경북,경산시,음식점,49
경북,경산시,숙박,1
경북,경산시,쇼핑,9
경북,경산시,관광지,30
경북,경산시,여행코스,1
경북,경산시,문화시설,7
경북,경산시,레포츠,3
경북,경주시,쇼핑,17
경북,경주시,숙박,97
경북,경주시,관광지,196
경북,경주시,여행코스,9
경북,경주시,음식점,262
경북,경주시,문화시설,15
경북,경주시,레포츠,67
경북,고령군,관광지,28
경북,고령군,여행코스,2
경북,고령군,문화시설,3
경북,고령군,레포츠,19
경북,고령군,음식점,13
경북,고령군,숙박,14
경북,구미시,숙박,7
경북,구미시,문화시설,9
경북,구미시,레포츠,15
경북,구미시,쇼핑,22
경북,구미시,관광지,50
경북,구미시,음식점,33
경북,군위군,음식점,15
경북,군위군,쇼핑,1
경북,군위군,문화시설,2
경북,군위군,레포츠,14
경북,군위군,숙박,1
경북,군위군,관광지,42
경북,김천시,음식점,25
경북,김천시,관광지,36
경북,김천시,여행코스,1
경북,김천시,문화시설,4
경북,김천시,레포츠,20
경북,김천시,쇼핑,6
경북,김천시,숙박,3
경북,문경시,쇼핑,9
경북,문경시,숙박,8
경북,문경시,관광지,43
경북,문경시,문화시설,6
경북,문경시,레포츠,27
경북,문경시,음식점,44
경북,봉화군,문화시설,1
경북,봉화군,레포츠,14
경북,봉화군,음식점,13
경북,봉화군,쇼핑,3
경북,봉화군,숙박,12
경북,봉화군,여행코스,4
경북,봉화군,관광지,44
경북,상주시,음식점,30
경북,상주시,관광지,64
경북,상주시,레포츠,26
경북,상주시,문화시설,7
경북,상주시,쇼핑,5
경북,상주시,여행코스,2
경북,상주시,숙박,2
경북,성주군,음식점,20
경북,성주군,문화시설,3
경북,성주군,레포츠,15
경북,성주군,쇼핑,1
경북,성주군,숙박,5
경북,성주군,관광지,31
경북,안동시,숙박,64
경북,안동시,관광지,107
경북,안동시,여행코스,3
경북,안동시,문화시설,18
경북,안동시,레포츠,13
경북,안동시,음식점,218
경북,안동시,쇼핑,25
경북,영덕군,숙박,12
경북,영덕군,관광지,58
경북,영덕군,여행코스,2
경북,영덕군,음식점,18
경북,영덕군,문화시설,5
경북,영덕군,레포츠,13
경북,영덕군,쇼핑,4
경북,영양군,음식점,10
경북,영양군,문화시설,2
경북,영양군,쇼핑,1
경북,영양군,여행코스,1
경북,영양군,숙박,2
경북,영양군,관광지,16
경북,영양군,레포츠,2
경북,영주시,관광지,58
경북,영주시,음식점,56
경북,영주시,쇼핑,6
경북,영주시,여행코스,2
경북,영주시,레포츠,13
경북,영주시,숙박,14
경북,영주시,문화시설,4
경북,영천시,레포츠,19
경북,영천시,문화시설,6
경북,영천시,쇼핑,9
경북,영천시,숙박,2
경북,영천시,관광지,60
경북,영천시,음식점,17
경북,영천시,여행코스,1
경북,예천군,쇼핑,2
경북,예천군,숙박,4
경북,예천군,관광지,42
경북,예천군,음식점,18
경북,예천군,문화시설,4
경북,예천군,레포츠,6
경북,울릉군,문화시설,4
경북,울릉군,음식점,13
경북,울릉군,숙박,5
경북,울릉군,관광지,49
경북,울릉군,여행코스,2
경북,울릉군,레포츠,3
경북,울진군,숙박,6
경북,울진군,관광지,59
경북,울진군,음식점,18
경북,울진군,여행코스,3
경북,울진군,문화시설,5
경북,울진군,레포츠,13
경북,울진군,쇼핑,5
경북,의성군,관광지,42
경북,의성군,문화시설,5
경북,의성군,레포츠,4
경북,의성군,음식점,13
경북,의성군,여행코스,3
경북,의성군,쇼핑,2
경북,의성군,숙박,2
경북,청도군,문화시설,4
경북,청도군,쇼핑,5
경북,청도군,숙박,5
경북,청도군,관광지,46
경북,청도군,음식점,30
경북,청도군,레포츠,43
경북,청송군,음식점,26
경북,청송군,레포츠,6
경북,청송군,쇼핑,2
경북,청송군,숙박,8
경북,청송군,여행코스,1
경북,청송군,관광지,60
경북,청송군,문화시설,3
경북,칠곡군,숙박,1
경북,칠곡군,관광지,39
경북,칠곡군,여행코스,1
경북,칠곡군,음식점,27
경북,칠곡군,문화시설,5
경북,칠곡군,레포츠,16
경북,칠곡군,쇼핑,4
경북,포항시,쇼핑,22
경북,포항시,숙박,21
경북,포항시,관광지,119
경북,포항시,여행코스,3
경북,포항시,음식점,93
경북,포항시,레포츠,42
경북,포항시,문화시설,18
광주,광산구,숙박,12
광주,광산구,관광지,35
광주,광산구,음식점,57
광주,광산구,쇼핑,27
광주,광산구,문화시설,3
광주,광산구,레포츠,1
광주,남구,숙박,2
광주,남구,관광지,34
광주,남구,쇼핑,1
광주,남구,음식점,28
광주,남구,문화시설,8
광주,남구,레포츠,1
광주,동구,여행코스,1
광주,동구,숙박,7
광주,동구,관광지,23
광주,동구,문화시설,11
광주,동구,레포츠,2
광주,동구,음식점,32
광주,동구,쇼핑,27
광주,북구,숙박,5
광주,북구,여행코스,2
광주,북구,관광지,44
광주,북구,문화시설,10
광주,북구,레포츠,5
광주,북구,쇼핑,9
광주,북구,음식점,36
광주,서구,문화시설,7
광주,서구,레포츠,6
광주,서구,쇼핑,17
광주,서구,여행코스,1
광주,서구,숙박,16
광주,서구,관광지,18
광주,서구,음식점,57
대구,남구,쇼핑,6
대구,남구,숙박,5
대구,남구,관광지,17
대구,남구,여행코스,1
대구,남구,문화시설,4
대구,남구,레포츠,1
대구,남구,음식점,41
대구,달서구,문화시설,9
대구,달서구,레포츠,9
대구,달서구,음식점,33
대구,달서구,쇼핑,20
대구,달서구,숙박,4
대구,달서구,관광지,27
대구,달성군,레포츠,7
대구,달성군,숙박,1
대구,달성군,쇼핑,4
대구,달성군,관광지,71
대구,달성군,음식점,50
대구,달성군,문화시설,6
대구,동구,숙박,9
대구,동구,쇼핑,85
대구,동구,관광지,55
대구,동구,음식점,62
대구,동구,문화시설,7
대구,동구,레포츠,9
대구,북구,숙박,2
대구,북구,쇼핑,34
대구,북구,음식점,25
대구,북구,관광지,32
대구,북구,문화시설,10
대구,북구,레포츠,4
대구,서구,관광지,10
대구,서구,음식점,13
대구,서구,문화시설,3
대구,서구,숙박,1
대구,서구,쇼핑,8
대구,수성구,쇼핑,17
대구,수성구,숙박,4
대구,수성구,관광지,22
대구,수성구,음식점,90
대구,수성구,문화시설,9
대구,수성구,레포츠,11
대구,중구,관광지,28
대구,중구,쇼핑,157
대구,중구,문화시설,24
대구,중구,숙박,17
대구,중구,음식점,57
대전,대덕구,레포츠,4
대전,대덕구,숙박,1
대전,대덕구,쇼핑,3
대전,대덕구,관광지,28
대전,대덕구,음식점,26
대전,대덕구,문화시설,6
대전,동구,레포츠,6
대전,동구,관광지,32
대전,동구,음식점,46
대전,동구,쇼핑,14
대전,동구,문화시설,7
대전,서구,쇼핑,47
대전,서구,숙박,3
대전,서구,관광지,18
대전,서구,문화시설,10
대전,서구,레포츠,1
대전,서구,음식점,58
대전,유성구,문화시설,14
대전,유성구,레포츠,7
대전,유성구,음식점,248
대전,유성구,쇼핑,18
대전,유성구,숙박,12
대전,유성구,관광지,34
대전,중구,쇼핑,17
대전,중구,문화시설,9
대전,중구,레포츠,5
대전,중구,숙박,2
대전,중구,관광지,19
대전,중구,여행코스,1
대전,중구,음식점,41
부산,강서구,관광지,25
부산,강서구,음식점,44
부산,강서구,문화시설,3
부산,강서구,쇼핑,3
부산,강서구,레포츠,1
부산,강서구,숙박,1
부산,금정구,숙박,2
부산,금정구,관광지,19
부산,금정구,문화시설,9
부산,금정구,쇼핑,23
부산,금정구,음식점,28
부산,금정구,레포츠,4
부산,기장군,숙박,1
부산,기장군,레포츠,7
부산,기장군,관광지,41
부산,기장군,음식점,131
부산,기장군,쇼핑,309
부산,기장군,문화시설,8
부산,남구,숙박,1
부산,남구,관광지,21
부산,남구,여행코스,1
부산,남구,음식점,25
부산,남구,문화시설,6
부산,남구,레포츠,4
부산,남구,쇼핑,17
부산,동구,숙박,21
부산,동구,레포츠,2
부산,동구,관광지,23
부산,동구,음식점,18
부산,동구,쇼핑,11
부산,동구,문화시설,6
부산,동구,여행코스,1
부산,동래구,음식점,36
부산,동래구,문화시설,7
부산,동래구,숙박,5
부산,동래구,관광지,14
부산,동래구,쇼핑,14
부산,부산진구,관광지,15
부산,부산진구,문화시설,9
부산,부산진구,레포츠,2
부산,부산진구,음식점,79
부산,부산진구,쇼핑,146
부산,부산진구,숙박,12
부산,북구,관광지,6
부산,북구,숙박,2
부산,북구,레포츠,3
부산,북구,음식점,5
부산,북구,쇼핑,10
부산,북구,문화시설,3
부산,사상구,레포츠,2
부산,사상구,쇼핑,47
부산,사상구,숙박,3
부산,사상구,관광지,5
부산,사상구,음식점,19
부산,사상구,문화시설,2
부산,사하구,문화시설,3
부산,사하구,레포츠,1
부산,사하구,쇼핑,14
부산,사하구,숙박,2
부산,사하구,관광지,17
부산,사하구,음식점,14
부산,서구,쇼핑,3
부산,서구,숙박,5
부산,서구,관광지,17
부산,서구,문화시설,5
부산,서구,레포츠,3
부산,서구,음식점,10
부산,수영구,관광지,13
부산,수영구,음식점,50
부산,수영구,레포츠,2
부산,수영구,쇼핑,20
부산,수영구,숙박,17
부산,수영구,문화시설,2
부산,연제구,쇼핑,7
부산,연제구,레포츠,2
부산,연제구,관광지,5
부산,연제구,음식점,11
부산,연제구,문화시설,1
부산,연제구,숙박,2
부산,영도구,레포츠,4
부산,영도구,숙박,4
부산,영도구,관광지,24
부산,영도구,쇼핑,7
부산,영도구,음식점,22
부산,영도구,여행코스,2
부산,영도구,문화시설,9
부산,중구,쇼핑,112
부산,중구,여행코스,1
부산,중구,숙박,15
부산,중구,문화시설,9
부산,중구,관광지,19
부산,중구,음식점,42
부산,해운대구,관광지,36
부산,해운대구,음식점,108
부산,해운대구,문화시설,15
부산,해운대구,쇼핑,121
부산,해운대구,숙박,37
부산,해운대구,레포츠,12
서울,강남구,숙박,29
서울,강남구,관광지,43
서울,강남구,쇼핑,610
서울,강남구,음식점,389
서울,강남구,문화시설,64
서울,강남구,레포츠,11
서울,강동구,숙박,1
서울,강동구,관광지,17
서울,강동구,음식점,51
서울,강동구,레포츠,4
서울,강동구,문화시설,9
서울,강동구,쇼핑,32
서울,강북구,음식점,18
서울,강북구,문화시설,5
서울,강북구,레포츠,6
서울,강북구,숙박,2
서울,강북구,관광지,14
서울,강북구,쇼핑,26
서울,강서구,숙박,15
서울,강서구,음식점,60
서울,강서구,관광지,14
서울,강서구,쇼핑,61
서울,강서구,문화시설,6
서울,강서구,레포츠,5
서울,관악구,문화시설,6
서울,관악구,레포츠,5
서울,관악구,쇼핑,40
서울,관악구,관광지,21
서울,관악구,숙박,4
서울,관악구,음식점,37
서울,광진구,숙박,5
서울,광진구,관광지,27
서울,광진구,문화시설,12
서울,광진구,쇼핑,101
서울,광진구,음식점,47
서울,광진구,레포츠,10
서울,구로구,음식점,20
서울,구로구,관광지,22
서울,구로구,쇼핑,46
서울,구로구,문화시설,7
서울,구로구,숙박,4
서울,구로구,레포츠,3
서울,금천구,숙박,1
서울,금천구,관광지,11
서울,금천구,음식점,10
서울,금천구,쇼핑,163
서울,금천구,문화시설,5
서울,노원구,쇼핑,31
서울,노원구,숙박,1
서울,노원구,관광지,18
서울,노원구,음식점,35
서울,노원구,문화시설,7
서울,노원구,레포츠,9
서울,도봉구,쇼핑,9
서울,도봉구,관광지,10
서울,도봉구,음식점,22
서울,도봉구,문화시설,6
서울,도봉구,레포츠,5
서울,동대문구,숙박,6
서울,동대문구,관광지,12
서울,동대문구,음식점,56
서울,동대문구,문화시설,8
서울,동대문구,쇼핑,43
서울,동작구,쇼핑,25
서울,동작구,숙박,3
서울,동작구,관광지,10
서울,동작구,여행코스,1
서울,동작구,문화시설,6
서울,동작구,음식점,29
서울,동작구,레포츠,4
서울,마포구,여행코스,1
서울,마포구,숙박,54
서울,마포구,음식점,176
서울,마포구,관광지,41
서울,마포구,문화시설,27
서울,마포구,레포츠,7
서울,마포구,쇼핑,196
서울,서대문구,문화시설,12
서울,서대문구,레포츠,1
서울,서대문구,쇼핑,99
서울,서대문구,숙박,10
서울,서대문구,관광지,22
서울,서대문구,여행코스,1
서울,서대문구,음식점,53
서울,서초구,레포츠,8
서울,서초구,문화시설,26
서울,서초구,음식점,153
서울,서초구,쇼핑,163
서울,서초구,숙박,12
서울,서초구,관광지,31
서울,서초구,여행코스,1
서울,성동구,음식점,309
서울,성동구,관광지,23
서울,성동구,숙박,2
서울,성동구,레포츠,3
서울,성동구,문화시설,13
서울,성동구,쇼핑,32
서울,성북구,여행코스,2
서울,성북구,레포츠,8
서울,성북구,숙박,6
서울,성북구,문화시설,7
서울,성북구,음식점,54
서울,성북구,쇼핑,23
서울,성북구,관광지,24
서울,송파구,관광지,31
서울,송파구,음식점,144
서울,송파구,레포츠,9
서울,송파구,쇼핑,373
서울,송파구,숙박,16
서울,송파구,문화시설,17
서울,양천구,관광지,28
서울,양천구,음식점,14
서울,양천구,레포츠,8
서울,양천구,문화시설,9
서울,양천구,쇼핑,60
서울,영등포구,문화시설,9
서울,영등포구,쇼핑,161
서울,영등포구,여행코스,1
서울,영등포구,숙박,12
서울,영등포구,레포츠,7
서울,영등포구,관광지,29
서울,영등포구,음식점,175
서울,용산구,숙박,21
서울,용산구,관광지,46
서울,용산구,여행코스,1
서울,용산구,음식점,147
서울,용산구,쇼핑,134
서울,용산구,레포츠,5
서울,용산구,문화시설,30
서울,은평구,쇼핑,43
서울,은평구,레포츠,6
서울,은평구,문화시설,7
서울,은평구,숙박,11
서울,은평구,관광지,10
서울,은평구,음식점,33
서울,종로구,쇼핑,153
서울,종로구,숙박,61
서울,종로구,관광지,123
서울,종로구,여행코스,11
서울,종로구,음식점,370
서울,종로구,문화시설,142
서울,종로구,레포츠,9
서울,중구,문화시설,47
서울,중구,쇼핑,538
서울,중구,숙박,63
서울,중구,관광지,74
서울,중구,레포츠,8
서울,중구,여행코스,4
서울,중구,음식점,249
서울,중랑구,음식점,18
서울,중랑구,문화시설,4
서울,중랑구,관광지,13
서울,중랑구,쇼핑,12
서울,중랑구,레포츠,1
세종,세종특별자치시,관광지,48
세종,세종특별자치시,음식점,102
세종,세종특별자치시,레포츠,10
세종,세종특별자치시,문화시설,13
세종,세종특별자치시,쇼핑,9
세종,세종특별자치시,숙박,5
울산,남구,숙박,7
울산,남구,관광지,23
울산,남구,쇼핑,55
울산,남구,음식점,65
울산,남구,문화시설,9
울산,남구,레포츠,4
울산,동구,여행코스,1
울산,동구,관광지,21
울산,동구,문화시설,4
울산,동구,레포츠,3
울산,동구,음식점,25
울산,동구,쇼핑,7
울산,동구,숙박,6
울산,북구,관광지,25
울산,북구,문화시설,3
울산,북구,음식점,38
울산,북구,레포츠,4
울산,북구,쇼핑,10
울산,울주군,여행코스,3
울산,울주군,관광지,72
울산,울주군,문화시설,12
울산,울주군,레포츠,14
울산,울주군,음식점,87
울산,울주군,숙박,12
울산,울주군,쇼핑,3
울산,중구,문화시설,3
울산,중구,레포츠,7
울산,중구,숙박,3
울산,중구,음식점,51
울산,중구,쇼핑,10
울산,중구,여행코스,1
울산,중구,관광지,26
인천,강화군,여행코스,10
인천,강화군,숙박,16
인천,강화군,관광지,116
인천,강화군,쇼핑,13
인천,강화군,문화시설,15
인천,강화군,레포츠,76
인천,강화군,음식점,134
인천,계양구,쇼핑,17
인천,계양구,숙박,5
인천,계양구,관광지,19
인천,계양구,레포츠,6
인천,계양구,음식점,34
인천,계양구,문화시설,5
인천,남동구,음식점,71
인천,남동구,쇼핑,27
인천,남동구,숙박,3
인천,남동구,관광지,15
인천,남동구,문화시설,10
인천,남동구,레포츠,4
인천,동구,쇼핑,7
인천,동구,음식점,15
인천,동구,관광지,13
인천,동구,레포츠,2
인천,동구,문화시설,6
인천,미추홀구,관광지,12
인천,미추홀구,음식점,38
인천,미추홀구,레포츠,4
인천,미추홀구,문화시설,12
인천,미추홀구,쇼핑,27
인천,미추홀구,숙박,4
인천,부평구,쇼핑,31
인천,부평구,숙박,6
인천,부평구,관광지,12
인천,부평구,음식점,31
인천,부평구,문화시설,7
인천,부평구,레포츠,2
인천,서구,음식점,106
인천,서구,쇼핑,40
인천,서구,문화시설,9
인천,서구,레포츠,16
인천,서구,숙박,6
인천,서구,관광지,31
인천,연수구,숙박,17
인천,연수구,관광지,25
인천,연수구,레포츠,9
인천,연수구,문화시설,13
인천,연수구,음식점,155
인천,연수구,쇼핑,205
인천,옹진군,쇼핑,2
인천,옹진군,여행코스,3
인천,옹진군,숙박,17
인천,옹진군,관광지,78
인천,옹진군,레포츠,23
인천,옹진군,음식점,18
인천,중구,음식점,149
인천,중구,문화시설,20
인천,중구,레포츠,23
인천,중구,쇼핑,36
인천,중구,숙박,37
인천,중구,관광지,90
인천,중구,여행코스,1
전남,강진군,음식점,23
전남,강진군,문화시설,8
전남,강진군,레포츠,8
전남,강진군,쇼핑,5
전남,강진군,숙박,14
전남,강진군,관광지,57
전남,강진군,여행코스,4
전남,고흥군,여행코스,1
전남,고흥군,관광지,84
전남,고흥군,문화시설,6
전남,고흥군,숙박,7
전남,고흥군,레포츠,8
전남,고흥군,음식점,23
전남,고흥군,쇼핑,1
전남,곡성군,쇼핑,4
전남,곡성군,문화시설,7
전남,곡성군,관광지,43
전남,곡성군,여행코스,1
전남,곡성군,숙박,4
전남,곡성군,레포츠,19
전남,곡성군,음식점,28
전남,광양시,문화시설,8
전남,광양시,레포츠,4
전남,광양시,쇼핑,6
전남,광양시,음식점,35
전남,광양시,여행코스,2
전남,광양시,숙박,5
전남,광양시,관광지,37
전남,구례군,레포츠,18
전남,구례군,숙박,21
전남,구례군,음식점,23
전남,구례군,쇼핑,2
전남,구례군,문화시설,3
전남,구례군,관광지,67
전남,나주시,관광지,55
전남,나주시,여행코스,2
전남,나주시,문화시설,6
전남,나주시,레포츠,7
전남,나주시,음식점,43
전남,나주시,쇼핑,8
전남,나주시,숙박,10
전남,담양군,여행코스,2
전남,담양군,음식점,79
전남,담양군,쇼핑,3
전남,담양군,레포츠,18
전남,담양군,문화시설,11
전남,담양군,숙박,6
전남,담양군,관광지,44
전남,목포시,레포츠,4
전남,목포시,숙박,58
전남,목포시,문화시설,16
전남,목포시,음식점,110
전남,목포시,쇼핑,45
전남,목포시,여행코스,1
전남,목포시,관광지,36
전남,무안군,숙박,7
전남,무안군,관광지,37
전남,무안군,여행코스,1
전남,무안군,음식점,13
전남,무안군,문화시설,3
전남,무안군,쇼핑,38
전남,무안군,레포츠,4
전남,보성군,쇼핑,10
전남,보성군,숙박,18
전남,보성군,관광지,43
전남,보성군,여행코스,1
전남,보성군,문화시설,6
전남,보성군,레포츠,11
전남,보성군,음식점,22
전남,순천시,쇼핑,30
전남,순천시,숙박,25
전남,순천시,관광지,71
전남,순천시,음식점,91
전남,순천시,레포츠,7
전남,순천시,문화시설,8
전남,신안군,음식점,19
전남,신안군,문화시설,5
전남,신안군,레포츠,15
전남,신안군,관광지,83
전남,신안군,숙박,1
전남,신안군,여행코스,1
전남,여수시,숙박,63
전남,여수시,관광지,112
전남,여수시,레포츠,22
전남,여수시,음식점,259
전남,여수시,쇼핑,58
전남,여수시,문화시설,12
전남,여수시,여행코스,2
전남,영광군,문화시설,4
전남,영광군,레포츠,7
전남,영광군,쇼핑,4
전남,영광군,숙박,3
전남,영광군,관광지,50
전남,영광군,음식점,26
전남,영광군,여행코스,2
전남,영암군,숙박,8
전남,영암군,관광지,31
전남,영암군,여행코스,3
전남,영암군,음식점,17
전남,영암군,문화시설,7
전남,영암군,레포츠,6
전남,영암군,쇼핑,4
전남,완도군,여행코스,1
전남,완도군,음식점,24
전남,완도군,문화시설,7
전남,완도군,레포츠,9
전남,완도군,쇼핑,2
전남,완도군,숙박,4
전남,완도군,관광지,72
전남,장성군,여행코스,1
전남,장성군,관광지,33
전남,장성군,음식점,22
전남,장성군,레포츠,15
전남,장성군,쇼핑,1
전남,장성군,숙박,2
전남,장성군,문화시설,3
전남,장흥군,숙박,12
전남,장흥군,쇼핑,4
전남,장흥군,관광지,51
전남,장흥군,여행코스,3
전남,장흥군,음식점,16
전남,장흥군,문화시설,7
전남,장흥군,레포츠,7
전남,진도군,음식점,19
전남,진도군,관광지,70
전남,진도군,문화시설,9
전남,진도군,레포츠,2
전남,진도군,쇼핑,2
전남,진도군,여행코스,1
전남,진도군,숙박,4
전남,함평군,쇼핑,2
전남,함평군,숙박,4
전남,함평군,관광지,26
전남,함평군,음식점,19
전남,함평군,문화시설,4
전남,함평군,레포츠,5
전남,해남군,여행코스,1
전남,해남군,관광지,60
전남,해남군,문화시설,7
전남,해남군,레포츠,7
전남,해남군,숙박,12
전남,해남군,쇼핑,3
전남,해남군,음식점,41
전남,화순군,여행코스,1
전남,화순군,관광지,69
전남,화순군,레포츠,7
전남,화순군,숙박,4
전남,화순군,음식점,30
전남,화순군,쇼핑,2
전남,화순군,문화시설,3
전북,고창군,여행코스,3
전북,고창군,레포츠,11
전북,고창군,숙박,5
전북,고창군,관광지,71
전북,고창군,음식점,36
전북,고창군,문화시설,7
전북,고창군,쇼핑,5
전북,군산시,여행코스,3
전북,군산시,음식점,147
전북,군산시,문화시설,7
전북,군산시,쇼핑,21
전북,군산시,숙박,40
전북,군산시,관광지,84
전북,군산시,레포츠,13
전북,김제시,관광지,60
전북,김제시,음식점,31
전북,김제시,쇼핑,4
전북,김제시,문화시설,4
전북,김제시,레포츠,6
전북,김제시,숙박,1
전북,남원시,문화시설,9
전북,남원시,음식점,52
전북,남원시,쇼핑,14
전북,남원시,레포츠,20
전북,남원시,여행코스,1
전북,남원시,숙박,17
전북,남원시,관광지,91
전북,무주군,여행코스,2
전북,무주군,문화시설,5
전북,무주군,레포츠,59
전북,무주군,숙박,19
전북,무주군,관광지,56
전북,무주군,음식점,28
전북,무주군,쇼핑,2
전북,부안군,쇼핑,6
전북,부안군,문화시설,8
전북,부안군,여행코스,2
전북,부안군,관광지,77
전북,부안군,숙박,32
전북,부안군,레포츠,15
전북,부안군,음식점,39
전북,순창군,숙박,3
전북,순창군,관광지,47
전북,순창군,문화시설,5
전북,순창군,레포츠,14
전북,순창군,쇼핑,2
전북,순창군,음식점,20
전북,완주군,문화시설,7
전북,완주군,레포츠,24
전북,완주군,숙박,13
전북,완주군,관광지,81
전북,완주군,음식점,50
전북,완주군,쇼핑,8
전북,익산시,숙박,5
전북,익산시,관광지,85
전북,익산시,쇼핑,8
전북,익산시,문화시설,11
전북,익산시,레포츠,6
전북,익산시,음식점,50
전북,익산시,여행코스,3
전북,임실군,레포츠,9
전북,임실군,문화시설,3
전북,임실군,음식점,23
전북,임실군,쇼핑,3
전북,임실군,숙박,3
전북,임실군,관광지,56
전북,장수군,관광지,60
전북,장수군,음식점,11
전북,장수군,쇼핑,4
전북,장수군,레포츠,8
전북,장수군,문화시설,2
전북,장수군,숙박,1
전북,장수군,여행코스,1
전북,전주시,문화시설,40
전북,전주시,레포츠,7
전북,전주시,쇼핑,56
전북,전주시,숙박,113
전북,전주시,관광지,60
전북,전주시,여행코스,1
전북,전주시,음식점,118
전북,정읍시,숙박,1
전북,정읍시,관광지,71
전북,정읍시,문화시설,9
전북,정읍시,레포츠,10
전북,정읍시,음식점,31
전북,정읍시,쇼핑,4
전북,진안군,숙박,2
전북,진안군,쇼핑,2
전북,진안군,관광지,64
전북,진안군,음식점,32
전북,진안군,레포츠,10
전북,진안군,문화시설,3
제주,서귀포시,음식점,356
제주,서귀포시,쇼핑,49
제주,서귀포시,숙박,138
제주,서귀포시,관광지,221
제주,서귀포시,여행코스,1
제주,서귀포시,문화시설,49
제주,서귀포시,레포츠,67
제주,제주시,쇼핑,304
제주,제주시,숙박,85
제주,제주시,관광지,283
제주,제주시,여행코스,2
제주,제주시,레포츠,78
제주,제주시,문화시설,39
제주,제주시,음식점,613
충남,계룡시,관광지,10
충남,계룡시,쇼핑,1
충남,계룡시,음식점,12
충남,계룡시,문화시설,1
충남,계룡시,여행코스,1
충남,공주시,숙박,14
충남,공주시,관광지,69
충남,공주시,여행코스,2
충남,공주시,쇼핑,8
충남,공주시,음식점,83
충남,공주시,문화시설,14
충남,공주시,레포츠,25
충남,금산군,음식점,17
충남,금산군,쇼핑,3
충남,금산군,문화시설,5
충남,금산군,레포츠,12
충남,금산군,관광지,46
충남,논산시,음식점,30
충남,논산시,쇼핑,6
충남,논산시,숙박,2
충남,논산시,여행코스,2
충남,논산시,관광지,55
충남,논산시,문화시설,3
충남,논산시,레포츠,13
충남,당진시,관광지,47
충남,당진시,문화시설,6
충남,당진시,레포츠,17
충남,당진시,숙박,4
충남,당진시,음식점,24
충남,당진시,쇼핑,9
충남,보령시,여행코스,2
충남,보령시,숙박,20
충남,보령시,관광지,90
충남,보령시,쇼핑,5
충남,보령시,음식점,28
충남,보령시,문화시설,2
충남,보령시,레포츠,23
충남,부여군,음식점,43
충남,부여군,쇼핑,57
충남,부여군,레포츠,21
충남,부여군,여행코스,5
충남,부여군,문화시설,4
충남,부여군,숙박,5
충남,부여군,관광지,76
충남,서산시,문화시설,6
충남,서산시,레포츠,18
충남,서산시,숙박,6
충남,서산시,음식점,35
충남,서산시,쇼핑,6
충남,서산시,여행코스,4
충남,서산시,관광지,65
충남,서천군,여행코스,5
충남,서천군,관광지,56
충남,서천군,음식점,28
충남,서천군,문화시설,4
충남,서천군,레포츠,17
충남,서천군,숙박,9
충남,서천군,쇼핑,5
충남,아산시,음식점,79
충남,아산시,숙박,14
충남,아산시,관광지,62
충남,아산시,여행코스,4
충남,아산시,문화시설,9
충남,아산시,레포츠,28
충남,아산시,쇼핑,16
충남,예산군,여행코스,3
충남,예산군,숙박,2
충남,예산군,문화시설,6
충남,예산군,레포츠,12
충남,예산군,관광지,43
충남,예산군,쇼핑,6
충남,예산군,음식점,36
충남,천안시,여행코스,1
충남,천안시,관광지,52
충남,천안시,문화시설,10
충남,천안시,레포츠,22
충남,천안시,쇼핑,47
충남,천안시,음식점,171
충남,천안시,숙박,15
충남,청양군,레포츠,8
충남,청양군,숙박,1
충남,청양군,관광지,34
충남,청양군,음식점,11
충남,청양군,여행코스,1
충남,청양군,쇼핑,3
충남,청양군,문화시설,3
충남,태안군,숙박,124
충남,태안군,관광지,109
충남,태안군,여행코스,2
충남,태안군,음식점,65
충남,태안군,문화시설,8
충남,태안군,레포츠,72
충남,태안군,쇼핑,7
충남,홍성군,관광지,41
충남,홍성군,음식점,25
충남,홍성군,레포츠,8
충남,홍성군,쇼핑,6
충남,홍성군,숙박,3
충남,홍성군,문화시설,6
충북,괴산군,쇼핑,4
충북,괴산군,숙박,2
충북,괴산군,관광지,110
충북,괴산군,여행코스,3
충북,괴산군,음식점,21
충북,괴산군,레포츠,36
충북,괴산군,문화시설,4
충북,단양군,관광지,69
충북,단양군,음식점,35
충북,단양군,쇼핑,4
충북,단양군,문화시설,4
충북,단양군,여행코스,3
충북,단양군,레포츠,32
충북,단양군,숙박,4
충북,보은군,문화시설,4
충북,보은군,레포츠,17
충북,보은군,쇼핑,3
충북,보은군,숙박,5
충북,보은군,관광지,38
충북,보은군,음식점,25
충북,영동군,문화시설,4
충북,영동군,레포츠,13
충북,영동군,관광지,49
충북,영동군,여행코스,2
충북,영동군,쇼핑,4
충북,영동군,음식점,13
충북,옥천군,문화시설,3
충북,옥천군,레포츠,8
충북,옥천군,쇼핑,1
충북,옥천군,숙박,2
충북,옥천군,관광지,44
충북,옥천군,여행코스,1
충북,옥천군,음식점,31
충북,음성군,관광지,42
충북,음성군,음식점,18
충북,음성군,레포츠,13
충북,음성군,문화시설,7
충북,음성군,쇼핑,5
충북,음성군,숙박,1
충북,제천시,여행코스,3
충북,제천시,숙박,16
충북,제천시,레포츠,61
충북,제천시,관광지,97
충북,제천시,음식점,72
충북,제천시,쇼핑,6
충북,제천시,문화시설,14
충북,증평군,문화시설,3
충북,증평군,레포츠,4
충북,증평군,쇼핑,2
충북,증평군,관광지,20
충북,증평군,음식점,11
충북,증평군,숙박,1
충북,진천군,관광지,44
충북,진천군,문화시설,6
충북,진천군,레포츠,15
충북,진천군,쇼핑,4
충북,진천군,음식점,24
충북,진천군,여행코스,2
충북,청주시,숙박,15
충북,청주시,관광지,88
충북,청주시,여행코스,2
충북,청주시,레포츠,23
충북,청주시,문화시설,23
충북,청주시,쇼핑,76
충북,청주시,음식점,189
충북,충주시,쇼핑,16
충북,충주시,여행코스,4
충북,충주시,숙박,18
충북,충주시,관광지,128
충북,충주시,음식점,65
충북,충주시,레포츠,50
충북,충주시,문화시설,20
